﻿
#####
##### COUNTRIES
#####

"# 2014-11-12,2015-02-09"
Item,Value,Value Percent,Conversions,Conversion Percent,URL,Stats URL
"The United States",5622,44.9,,,"","http://clicky.com/stats/visitors?site_id=100754003&date=2014-11-12,2015-02-09&country=The+United+States"
"The United Kingdom",893,7.1,,,"","http://clicky.com/stats/visitors?site_id=100754003&date=2014-11-12,2015-02-09&country=The+United+Kingdom"
"Canada",683,5.5,,,"","http://clicky.com/stats/visitors?site_id=100754003&date=2014-11-12,2015-02-09&country=Canada"
"Brazil",538,4.3,,,"","http://clicky.com/stats/visitors?site_id=100754003&date=2014-11-12,2015-02-09&country=Brazil"
"Germany",422,3.4,,,"","http://clicky.com/stats/visitors?site_id=100754003&date=2014-11-12,2015-02-09&country=Germany"
"Australia",409,3.3,,,"","http://clicky.com/stats/visitors?site_id=100754003&date=2014-11-12,2015-02-09&country=Australia"
"India",326,2.6,,,"","http://clicky.com/stats/visitors?site_id=100754003&date=2014-11-12,2015-02-09&country=India"
"Russian Federation",287,2.3,,,"","http://clicky.com/stats/visitors?site_id=100754003&date=2014-11-12,2015-02-09&country=Russian+Federation"
"The Netherlands",259,2.1,,,"","http://clicky.com/stats/visitors?site_id=100754003&date=2014-11-12,2015-02-09&country=The+Netherlands"
"France",235,1.9,,,"","http://clicky.com/stats/visitors?site_id=100754003&date=2014-11-12,2015-02-09&country=France"
"Poland",205,1.6,,,"","http://clicky.com/stats/visitors?site_id=100754003&date=2014-11-12,2015-02-09&country=Poland"
"Sweden",166,1.3,,,"","http://clicky.com/stats/visitors?site_id=100754003&date=2014-11-12,2015-02-09&country=Sweden"
"Spain",123,1,,,"","http://clicky.com/stats/visitors?site_id=100754003&date=2014-11-12,2015-02-09&country=Spain"
"Belgium",109,0.9,,,"","http://clicky.com/stats/visitors?site_id=100754003&date=2014-11-12,2015-02-09&country=Belgium"
"Italy",108,0.9,,,"","http://clicky.com/stats/visitors?site_id=100754003&date=2014-11-12,2015-02-09&country=Italy"
"Norway",106,0.8,,,"","http://clicky.com/stats/visitors?site_id=100754003&date=2014-11-12,2015-02-09&country=Norway"
"Denmark",94,0.8,,,"","http://clicky.com/stats/visitors?site_id=100754003&date=2014-11-12,2015-02-09&country=Denmark"
"New Zealand",86,0.7,,,"","http://clicky.com/stats/visitors?site_id=100754003&date=2014-11-12,2015-02-09&country=New+Zealand"
"Singapore",84,0.7,,,"","http://clicky.com/stats/visitors?site_id=100754003&date=2014-11-12,2015-02-09&country=Singapore"
"Ukraine",84,0.7,,,"","http://clicky.com/stats/visitors?site_id=100754003&date=2014-11-12,2015-02-09&country=Ukraine"
"China",80,0.6,,,"","http://clicky.com/stats/visitors?site_id=100754003&date=2014-11-12,2015-02-09&country=China"
"Japan",76,0.6,,,"","http://clicky.com/stats/visitors?site_id=100754003&date=2014-11-12,2015-02-09&country=Japan"
"Turkey",70,0.6,,,"","http://clicky.com/stats/visitors?site_id=100754003&date=2014-11-12,2015-02-09&country=Turkey"
"Finland",64,0.5,,,"","http://clicky.com/stats/visitors?site_id=100754003&date=2014-11-12,2015-02-09&country=Finland"
"Ireland",62,0.5,,,"","http://clicky.com/stats/visitors?site_id=100754003&date=2014-11-12,2015-02-09&country=Ireland"
"Switzerland",62,0.5,,,"","http://clicky.com/stats/visitors?site_id=100754003&date=2014-11-12,2015-02-09&country=Switzerland"
"Israel",62,0.5,,,"","http://clicky.com/stats/visitors?site_id=100754003&date=2014-11-12,2015-02-09&country=Israel"
"Romania",61,0.5,,,"","http://clicky.com/stats/visitors?site_id=100754003&date=2014-11-12,2015-02-09&country=Romania"
"Portugal",61,0.5,,,"","http://clicky.com/stats/visitors?site_id=100754003&date=2014-11-12,2015-02-09&country=Portugal"
"Austria",52,0.4,,,"","http://clicky.com/stats/visitors?site_id=100754003&date=2014-11-12,2015-02-09&country=Austria"
"Hong Kong",52,0.4,,,"","http://clicky.com/stats/visitors?site_id=100754003&date=2014-11-12,2015-02-09&country=Hong+Kong"
"South Africa",49,0.4,,,"","http://clicky.com/stats/visitors?site_id=100754003&date=2014-11-12,2015-02-09&country=South+Africa"
"Mexico",46,0.4,,,"","http://clicky.com/stats/visitors?site_id=100754003&date=2014-11-12,2015-02-09&country=Mexico"
"Argentina",45,0.4,,,"","http://clicky.com/stats/visitors?site_id=100754003&date=2014-11-12,2015-02-09&country=Argentina"
"Bulgaria",39,0.3,,,"","http://clicky.com/stats/visitors?site_id=100754003&date=2014-11-12,2015-02-09&country=Bulgaria"
"Greece",37,0.3,,,"","http://clicky.com/stats/visitors?site_id=100754003&date=2014-11-12,2015-02-09&country=Greece"
"Republic Of Korea",36,0.3,,,"","http://clicky.com/stats/visitors?site_id=100754003&date=2014-11-12,2015-02-09&country=Republic+Of+Korea"
"Indonesia",36,0.3,,,"","http://clicky.com/stats/visitors?site_id=100754003&date=2014-11-12,2015-02-09&country=Indonesia"
"Czech Republic",35,0.3,,,"","http://clicky.com/stats/visitors?site_id=100754003&date=2014-11-12,2015-02-09&country=Czech+Republic"
"The Philippines",32,0.3,,,"","http://clicky.com/stats/visitors?site_id=100754003&date=2014-11-12,2015-02-09&country=The+Philippines"
"Viet Nam",32,0.3,,,"","http://clicky.com/stats/visitors?site_id=100754003&date=2014-11-12,2015-02-09&country=Viet+Nam"
"Malaysia",31,0.2,,,"","http://clicky.com/stats/visitors?site_id=100754003&date=2014-11-12,2015-02-09&country=Malaysia"
"Slovenia",28,0.2,,,"","http://clicky.com/stats/visitors?site_id=100754003&date=2014-11-12,2015-02-09&country=Slovenia"
"Lithuania",28,0.2,,,"","http://clicky.com/stats/visitors?site_id=100754003&date=2014-11-12,2015-02-09&country=Lithuania"
"Croatia",26,0.2,,,"","http://clicky.com/stats/visitors?site_id=100754003&date=2014-11-12,2015-02-09&country=Croatia"
"Belarus",26,0.2,,,"","http://clicky.com/stats/visitors?site_id=100754003&date=2014-11-12,2015-02-09&country=Belarus"
"Chile",25,0.2,,,"","http://clicky.com/stats/visitors?site_id=100754003&date=2014-11-12,2015-02-09&country=Chile"
"Thailand",25,0.2,,,"","http://clicky.com/stats/visitors?site_id=100754003&date=2014-11-12,2015-02-09&country=Thailand"
"Hungary",25,0.2,,,"","http://clicky.com/stats/visitors?site_id=100754003&date=2014-11-12,2015-02-09&country=Hungary"
"Taiwan",25,0.2,,,"","http://clicky.com/stats/visitors?site_id=100754003&date=2014-11-12,2015-02-09&country=Taiwan"
"Serbia",22,0.2,,,"","http://clicky.com/stats/visitors?site_id=100754003&date=2014-11-12,2015-02-09&country=Serbia"
"Estonia",19,0.2,,,"","http://clicky.com/stats/visitors?site_id=100754003&date=2014-11-12,2015-02-09&country=Estonia"
"Namibia",17,0.1,,,"","http://clicky.com/stats/visitors?site_id=100754003&date=2014-11-12,2015-02-09&country=Namibia"
"Iceland",16,0.1,,,"","http://clicky.com/stats/visitors?site_id=100754003&date=2014-11-12,2015-02-09&country=Iceland"
"Kazakhstan",12,0.1,,,"","http://clicky.com/stats/visitors?site_id=100754003&date=2014-11-12,2015-02-09&country=Kazakhstan"
"Pakistan",10,0.1,,,"","http://clicky.com/stats/visitors?site_id=100754003&date=2014-11-12,2015-02-09&country=Pakistan"
"Peru",10,0.1,,,"","http://clicky.com/stats/visitors?site_id=100754003&date=2014-11-12,2015-02-09&country=Peru"
"Uruguay",10,0.1,,,"","http://clicky.com/stats/visitors?site_id=100754003&date=2014-11-12,2015-02-09&country=Uruguay"
"Bangladesh",10,0.1,,,"","http://clicky.com/stats/visitors?site_id=100754003&date=2014-11-12,2015-02-09&country=Bangladesh"
"Morocco",10,0.1,,,"","http://clicky.com/stats/visitors?site_id=100754003&date=2014-11-12,2015-02-09&country=Morocco"
"Venezuela",9,0.1,,,"","http://clicky.com/stats/visitors?site_id=100754003&date=2014-11-12,2015-02-09&country=Venezuela"
"Kenya",9,0.1,,,"","http://clicky.com/stats/visitors?site_id=100754003&date=2014-11-12,2015-02-09&country=Kenya"
"Colombia",9,0.1,,,"","http://clicky.com/stats/visitors?site_id=100754003&date=2014-11-12,2015-02-09&country=Colombia"
"Saudi Arabia",8,0.1,,,"","http://clicky.com/stats/visitors?site_id=100754003&date=2014-11-12,2015-02-09&country=Saudi+Arabia"
"Albania",8,0.1,,,"","http://clicky.com/stats/visitors?site_id=100754003&date=2014-11-12,2015-02-09&country=Albania"
"Tunisia",8,0.1,,,"","http://clicky.com/stats/visitors?site_id=100754003&date=2014-11-12,2015-02-09&country=Tunisia"
"Latvia",8,0.1,,,"","http://clicky.com/stats/visitors?site_id=100754003&date=2014-11-12,2015-02-09&country=Latvia"
"Jordan",8,0.1,,,"","http://clicky.com/stats/visitors?site_id=100754003&date=2014-11-12,2015-02-09&country=Jordan"
"Egypt",8,0.1,,,"","http://clicky.com/stats/visitors?site_id=100754003&date=2014-11-12,2015-02-09&country=Egypt"
"Bosnia And Herzegovina",7,0.1,,,"","http://clicky.com/stats/visitors?site_id=100754003&date=2014-11-12,2015-02-09&country=Bosnia+And+Herzegovina"
"El Salvador",7,0.1,,,"","http://clicky.com/stats/visitors?site_id=100754003&date=2014-11-12,2015-02-09&country=El+Salvador"
"Slovakia",6,0,,,"","http://clicky.com/stats/visitors?site_id=100754003&date=2014-11-12,2015-02-09&country=Slovakia"
"Sri Lanka",6,0,,,"","http://clicky.com/stats/visitors?site_id=100754003&date=2014-11-12,2015-02-09&country=Sri+Lanka"
"Nigeria",6,0,,,"","http://clicky.com/stats/visitors?site_id=100754003&date=2014-11-12,2015-02-09&country=Nigeria"
"Algeria",5,0,,,"","http://clicky.com/stats/visitors?site_id=100754003&date=2014-11-12,2015-02-09&country=Algeria"
"Paraguay",5,0,,,"","http://clicky.com/stats/visitors?site_id=100754003&date=2014-11-12,2015-02-09&country=Paraguay"
"Iran",5,0,,,"","http://clicky.com/stats/visitors?site_id=100754003&date=2014-11-12,2015-02-09&country=Iran"
"Macedonia",5,0,,,"","http://clicky.com/stats/visitors?site_id=100754003&date=2014-11-12,2015-02-09&country=Macedonia"
"Nepal",4,0,,,"","http://clicky.com/stats/visitors?site_id=100754003&date=2014-11-12,2015-02-09&country=Nepal"
"Cayman Islands",4,0,,,"","http://clicky.com/stats/visitors?site_id=100754003&date=2014-11-12,2015-02-09&country=Cayman+Islands"
"Luxembourg",4,0,,,"","http://clicky.com/stats/visitors?site_id=100754003&date=2014-11-12,2015-02-09&country=Luxembourg"
"Ecuador",4,0,,,"","http://clicky.com/stats/visitors?site_id=100754003&date=2014-11-12,2015-02-09&country=Ecuador"
"Qatar",4,0,,,"","http://clicky.com/stats/visitors?site_id=100754003&date=2014-11-12,2015-02-09&country=Qatar"
"Costa Rica",4,0,,,"","http://clicky.com/stats/visitors?site_id=100754003&date=2014-11-12,2015-02-09&country=Costa+Rica"
"Uganda",4,0,,,"","http://clicky.com/stats/visitors?site_id=100754003&date=2014-11-12,2015-02-09&country=Uganda"
"The United Arab Emirates",4,0,,,"","http://clicky.com/stats/visitors?site_id=100754003&date=2014-11-12,2015-02-09&country=The+United+Arab+Emirates"
"Panama",4,0,,,"","http://clicky.com/stats/visitors?site_id=100754003&date=2014-11-12,2015-02-09&country=Panama"
"Kuwait",4,0,,,"","http://clicky.com/stats/visitors?site_id=100754003&date=2014-11-12,2015-02-09&country=Kuwait"
"Jamaica",3,0,,,"","http://clicky.com/stats/visitors?site_id=100754003&date=2014-11-12,2015-02-09&country=Jamaica"
"Macao",3,0,,,"","http://clicky.com/stats/visitors?site_id=100754003&date=2014-11-12,2015-02-09&country=Macao"
"Puerto Rico",3,0,,,"","http://clicky.com/stats/visitors?site_id=100754003&date=2014-11-12,2015-02-09&country=Puerto+Rico"
"Republic Of Moldova",2,0,,,"","http://clicky.com/stats/visitors?site_id=100754003&date=2014-11-12,2015-02-09&country=Republic+Of+Moldova"
"Lebanon",2,0,,,"","http://clicky.com/stats/visitors?site_id=100754003&date=2014-11-12,2015-02-09&country=Lebanon"
"Georgia",2,0,,,"","http://clicky.com/stats/visitors?site_id=100754003&date=2014-11-12,2015-02-09&country=Georgia"
"Dominican Republic",2,0,,,"","http://clicky.com/stats/visitors?site_id=100754003&date=2014-11-12,2015-02-09&country=Dominican+Republic"
"Faroe Islands",2,0,,,"","http://clicky.com/stats/visitors?site_id=100754003&date=2014-11-12,2015-02-09&country=Faroe+Islands"
"Uzbekistan",2,0,,,"","http://clicky.com/stats/visitors?site_id=100754003&date=2014-11-12,2015-02-09&country=Uzbekistan"
"Cyprus",2,0,,,"","http://clicky.com/stats/visitors?site_id=100754003&date=2014-11-12,2015-02-09&country=Cyprus"
"Andorra",2,0,,,"","http://clicky.com/stats/visitors?site_id=100754003&date=2014-11-12,2015-02-09&country=Andorra"
"Guatemala",2,0,,,"","http://clicky.com/stats/visitors?site_id=100754003&date=2014-11-12,2015-02-09&country=Guatemala"
"Trinidad And Tobago",2,0,,,"","http://clicky.com/stats/visitors?site_id=100754003&date=2014-11-12,2015-02-09&country=Trinidad+And+Tobago"
"Honduras",2,0,,,"","http://clicky.com/stats/visitors?site_id=100754003&date=2014-11-12,2015-02-09&country=Honduras"
"Kyrgyzstan",2,0,,,"","http://clicky.com/stats/visitors?site_id=100754003&date=2014-11-12,2015-02-09&country=Kyrgyzstan"
"Jersey",1,0,,,"","http://clicky.com/stats/visitors?site_id=100754003&date=2014-11-12,2015-02-09&country=Jersey"
"Malta",1,0,,,"","http://clicky.com/stats/visitors?site_id=100754003&date=2014-11-12,2015-02-09&country=Malta"
"Azerbaijan",1,0,,,"","http://clicky.com/stats/visitors?site_id=100754003&date=2014-11-12,2015-02-09&country=Azerbaijan"
"French Guiana",1,0,,,"","http://clicky.com/stats/visitors?site_id=100754003&date=2014-11-12,2015-02-09&country=French+Guiana"
"Palestinian Territory",1,0,,,"","http://clicky.com/stats/visitors?site_id=100754003&date=2014-11-12,2015-02-09&country=Palestinian+Territory"
"Syrian Arab Republic",1,0,,,"","http://clicky.com/stats/visitors?site_id=100754003&date=2014-11-12,2015-02-09&country=Syrian+Arab+Republic"
"Tanzania",1,0,,,"","http://clicky.com/stats/visitors?site_id=100754003&date=2014-11-12,2015-02-09&country=Tanzania"
"Guyana",1,0,,,"","http://clicky.com/stats/visitors?site_id=100754003&date=2014-11-12,2015-02-09&country=Guyana"
"Maldives",1,0,,,"","http://clicky.com/stats/visitors?site_id=100754003&date=2014-11-12,2015-02-09&country=Maldives"
"Armenia",1,0,,,"","http://clicky.com/stats/visitors?site_id=100754003&date=2014-11-12,2015-02-09&country=Armenia"
"Burundi",1,0,,,"","http://clicky.com/stats/visitors?site_id=100754003&date=2014-11-12,2015-02-09&country=Burundi"
"Iraq",1,0,,,"","http://clicky.com/stats/visitors?site_id=100754003&date=2014-11-12,2015-02-09&country=Iraq"
"Gibraltar",1,0,,,"","http://clicky.com/stats/visitors?site_id=100754003&date=2014-11-12,2015-02-09&country=Gibraltar"
"French Polynesia",1,0,,,"","http://clicky.com/stats/visitors?site_id=100754003&date=2014-11-12,2015-02-09&country=French+Polynesia"
"Cambodia",1,0,,,"","http://clicky.com/stats/visitors?site_id=100754003&date=2014-11-12,2015-02-09&country=Cambodia"
"Sudan",1,0,,,"","http://clicky.com/stats/visitors?site_id=100754003&date=2014-11-12,2015-02-09&country=Sudan"
"Madagascar",1,0,,,"","http://clicky.com/stats/visitors?site_id=100754003&date=2014-11-12,2015-02-09&country=Madagascar"
"Bahamas",1,0,,,"","http://clicky.com/stats/visitors?site_id=100754003&date=2014-11-12,2015-02-09&country=Bahamas"
"Mozambique",1,0,,,"","http://clicky.com/stats/visitors?site_id=100754003&date=2014-11-12,2015-02-09&country=Mozambique"
"Libya",1,0,,,"","http://clicky.com/stats/visitors?site_id=100754003&date=2014-11-12,2015-02-09&country=Libya"
"Saint Kitts And Nevis",1,0,,,"","http://clicky.com/stats/visitors?site_id=100754003&date=2014-11-12,2015-02-09&country=Saint+Kitts+And+Nevis"
"New Caledonia",1,0,,,"","http://clicky.com/stats/visitors?site_id=100754003&date=2014-11-12,2015-02-09&country=New+Caledonia"
"Angola",1,0,,,"","http://clicky.com/stats/visitors?site_id=100754003&date=2014-11-12,2015-02-09&country=Angola"

