﻿
#####
##### SEARCHES
#####

"# 2014-11-12,2015-02-09"
Item,Value,Value Percent,Conversions,Conversion Percent,URL,Stats URL
"[secure search]",1759,94.8,,,"","http://clicky.com/stats/visitors?site_id=100754003&date=2014-11-12,2015-02-09&search=%5Bsecure+search%5D"
"http://pythonforengineers.com/",15,0.8,,,"","http://clicky.com/stats/visitors?site_id=100754003&date=2014-11-12,2015-02-09&search=http%3A%2F%2Fpythonforengineers.com%2F"
"python for engineers",7,0.4,,,"","http://clicky.com/stats/visitors?site_id=100754003&date=2014-11-12,2015-02-09&search=python+for+engineers"
"http://pythonforengineers.com/build-a-reddit-bot-part-1/",4,0.2,,,"","http://clicky.com/stats/visitors?site_id=100754003&date=2014-11-12,2015-02-09&search=http%3A%2F%2Fpythonforengineers.com%2Fbuild-a-reddit-bot-part-1%2F"
"python engineering",2,0.1,,,"","http://clicky.com/stats/visitors?site_id=100754003&date=2014-11-12,2015-02-09&search=python+engineering"
"stupid puzzles",2,0.1,,,"","http://clicky.com/stats/visitors?site_id=100754003&date=2014-11-12,2015-02-09&search=stupid+puzzles"
"clever answers to puzzle",2,0.1,,,"","http://clicky.com/stats/visitors?site_id=100754003&date=2014-11-12,2015-02-09&search=clever+answers+to+puzzle"
"python mechanical engineering",2,0.1,,,"","http://clicky.com/stats/visitors?site_id=100754003&date=2014-11-12,2015-02-09&search=python+mechanical+engineering"
"http://pythonforengineers.com/build-a-reddit-bot-part-3-automate-your-bot/",2,0.1,,,"","http://clicky.com/stats/visitors?site_id=100754003&date=2014-11-12,2015-02-09&search=http%3A%2F%2Fpythonforengineers.com%2Fbuild-a-reddit-bot-part-3-automate-your-bot%2F"
"how to survive at a job you hate",2,0.1,,,"","http://clicky.com/stats/visitors?site_id=100754003&date=2014-11-12,2015-02-09&search=how+to+survive+at+a+job+you+hate"
"reply bot reddit",1,0.1,,,"","http://clicky.com/stats/visitors?site_id=100754003&date=2014-11-12,2015-02-09&search=reply+bot+reddit"
"surviving a job i hate",1,0.1,,,"","http://clicky.com/stats/visitors?site_id=100754003&date=2014-11-12,2015-02-09&search=surviving+a+job+i+hate"
"how to endure a job you hate",1,0.1,,,"","http://clicky.com/stats/visitors?site_id=100754003&date=2014-11-12,2015-02-09&search=how+to+endure+a+job+you+hate"
"delphi programming langiage reddit",1,0.1,,,"","http://clicky.com/stats/visitors?site_id=100754003&date=2014-11-12,2015-02-09&search=delphi+programming+langiage+reddit"
"how does reddit prevent auto downvots in bots",1,0.1,,,"","http://clicky.com/stats/visitors?site_id=100754003&date=2014-11-12,2015-02-09&search=how+does+reddit+prevent+auto+downvots+in+bots"
"job hate depression",1,0.1,,,"","http://clicky.com/stats/visitors?site_id=100754003&date=2014-11-12,2015-02-09&search=job+hate+depression"
"git vs mercurial vs cvs",1,0.1,,,"","http://clicky.com/stats/visitors?site_id=100754003&date=2014-11-12,2015-02-09&search=git+vs+mercurial+vs+cvs"
"favarite programing language",1,0.1,,,"","http://clicky.com/stats/visitors?site_id=100754003&date=2014-11-12,2015-02-09&search=favarite+programing+language"
"Ruby vs py",1,0.1,,,"","http://clicky.com/stats/visitors?site_id=100754003&date=2014-11-12,2015-02-09&search=Ruby+vs+py"
"python for test engineers",1,0.1,,,"","http://clicky.com/stats/visitors?site_id=100754003&date=2014-11-12,2015-02-09&search=python+for+test+engineers"
"i absolutely despise my job",1,0.1,,,"","http://clicky.com/stats/visitors?site_id=100754003&date=2014-11-12,2015-02-09&search=i+absolutely+despise+my+job"
"web2py pyscripter",1,0.1,,,"","http://clicky.com/stats/visitors?site_id=100754003&date=2014-11-12,2015-02-09&search=web2py+pyscripter"
"how to survive a terrible job",1,0.1,,,"","http://clicky.com/stats/visitors?site_id=100754003&date=2014-11-12,2015-02-09&search=how+to+survive+a+terrible+job"
"winpython for engineers",1,0.1,,,"","http://clicky.com/stats/visitors?site_id=100754003&date=2014-11-12,2015-02-09&search=winpython+for+engineers"
"stupid puzzls i",1,0.1,,,"","http://clicky.com/stats/visitors?site_id=100754003&date=2014-11-12,2015-02-09&search=stupid+puzzls+i"
"i deleted anaconda and now python isnt working",1,0.1,,,"","http://clicky.com/stats/visitors?site_id=100754003&date=2014-11-12,2015-02-09&search=i+deleted+anaconda+and+now+python+isnt+working"
"going back to a job you hate",1,0.1,,,"","http://clicky.com/stats/visitors?site_id=100754003&date=2014-11-12,2015-02-09&search=going+back+to+a+job+you+hate"
"Interview Puzzle with answers",1,0.1,,,"","http://clicky.com/stats/visitors?site_id=100754003&date=2014-11-12,2015-02-09&search=Interview+Puzzle+with+answers"
"who the fuck cares about logic puzzles",1,0.1,,,"","http://clicky.com/stats/visitors?site_id=100754003&date=2014-11-12,2015-02-09&search=who+the+fuck+cares+about+logic+puzzles"
"SALES PURPOSE RESUME",1,0.1,,,"","http://clicky.com/stats/visitors?site_id=100754003&date=2014-11-12,2015-02-09&search=SALES+PURPOSE+RESUME"
"how to cope with a job you hate and can't change",1,0.1,,,"","http://clicky.com/stats/visitors?site_id=100754003&date=2014-11-12,2015-02-09&search=how+to+cope+with+a+job+you+hate+and+can%27t+change"
"how can i survive if i quit my job",1,0.1,,,"","http://clicky.com/stats/visitors?site_id=100754003&date=2014-11-12,2015-02-09&search=how+can+i+survive+if+i+quit+my+job"
"what skoolz do u need to go 2 to get an engineering career",1,0.1,,,"","http://clicky.com/stats/visitors?site_id=100754003&date=2014-11-12,2015-02-09&search=what+skoolz+do+u+need+to+go+2+to+get+an+engineering+career"
"everything mind numbing",1,0.1,,,"","http://clicky.com/stats/visitors?site_id=100754003&date=2014-11-12,2015-02-09&search=everything+mind+numbing"
"youpain",1,0.1,,,"","http://clicky.com/stats/visitors?site_id=100754003&date=2014-11-12,2015-02-09&search=youpain"
"why your programming languages sucks",1,0.1,,,"","http://clicky.com/stats/visitors?site_id=100754003&date=2014-11-12,2015-02-09&search=why+your+programming+languages+sucks"
"python reddit",1,0.1,,,"","http://clicky.com/stats/visitors?site_id=100754003&date=2014-11-12,2015-02-09&search=python+reddit"
"i don't want to go back to work hate my job",1,0.1,,,"","http://clicky.com/stats/visitors?site_id=100754003&date=2014-11-12,2015-02-09&search=i+don%27t+want+to+go+back+to+work+hate+my+job"
"how to survive a job you-hate",1,0.1,,,"","http://clicky.com/stats/visitors?site_id=100754003&date=2014-11-12,2015-02-09&search=how+to+survive+a+job+you-hate"
"depression and working a job ypu hate",1,0.1,,,"","http://clicky.com/stats/visitors?site_id=100754003&date=2014-11-12,2015-02-09&search=depression+and+working+a+job+ypu+hate"
"reddit most popular programming",1,0.1,,,"","http://clicky.com/stats/visitors?site_id=100754003&date=2014-11-12,2015-02-09&search=reddit+most+popular+programming"
"anaconda doesnt work on windows",1,0.1,,,"","http://clicky.com/stats/visitors?site_id=100754003&date=2014-11-12,2015-02-09&search=anaconda+doesnt+work+on+windows"
"git svn mercurial",1,0.1,,,"","http://clicky.com/stats/visitors?site_id=100754003&date=2014-11-12,2015-02-09&search=git+svn+mercurial"
"What your favorite programming language says about you",1,0.1,,,"","http://clicky.com/stats/visitors?site_id=100754003&date=2014-11-12,2015-02-09&search=What+your+favorite+programming+language+says+about+you"
"answers to stupid 1",1,0.1,,,"","http://clicky.com/stats/visitors?site_id=100754003&date=2014-11-12,2015-02-09&search=answers+to+stupid+1"
"stupid interview questions",1,0.1,,,"","http://clicky.com/stats/visitors?site_id=100754003&date=2014-11-12,2015-02-09&search=stupid+interview+questions"
"how to survive in a job you hate",1,0.1,,,"","http://clicky.com/stats/visitors?site_id=100754003&date=2014-11-12,2015-02-09&search=how+to+survive+in+a+job+you+hate"
"Build website Reddit",1,0.1,,,"","http://clicky.com/stats/visitors?site_id=100754003&date=2014-11-12,2015-02-09&search=Build+website+Reddit"
"anaconda python can't run",1,0.1,,,"","http://clicky.com/stats/visitors?site_id=100754003&date=2014-11-12,2015-02-09&search=anaconda+python+can%27t+run"
"how to remove depression in engineering",1,0.1,,,"","http://clicky.com/stats/visitors?site_id=100754003&date=2014-11-12,2015-02-09&search=how+to+remove+depression+in+engineering"
"stupid puzzles with answers",1,0.1,,,"","http://clicky.com/stats/visitors?site_id=100754003&date=2014-11-12,2015-02-09&search=stupid+puzzles+with+answers"
"python learning course engineers",1,0.1,,,"","http://clicky.com/stats/visitors?site_id=100754003&date=2014-11-12,2015-02-09&search=python+learning+course+engineers"
"depression JK Rowling overcome",1,0.1,,,"","http://clicky.com/stats/visitors?site_id=100754003&date=2014-11-12,2015-02-09&search=depression+JK+Rowling+overcome"
"reddit bot",1,0.1,,,"","http://clicky.com/stats/visitors?site_id=100754003&date=2014-11-12,2015-02-09&search=reddit+bot"
"how to avoid depression as an engineer",1,0.1,,,"","http://clicky.com/stats/visitors?site_id=100754003&date=2014-11-12,2015-02-09&search=how+to+avoid+depression+as+an+engineer"
"how to build a reddit bot",1,0.1,,,"","http://clicky.com/stats/visitors?site_id=100754003&date=2014-11-12,2015-02-09&search=how+to+build+a+reddit+bot"
"make a reddit bot",1,0.1,,,"","http://clicky.com/stats/visitors?site_id=100754003&date=2014-11-12,2015-02-09&search=make+a+reddit+bot"
"conda pypm",1,0.1,,,"","http://clicky.com/stats/visitors?site_id=100754003&date=2014-11-12,2015-02-09&search=conda+pypm"
"all time favorite programming language",1,0.1,,,"","http://clicky.com/stats/visitors?site_id=100754003&date=2014-11-12,2015-02-09&search=all+time+favorite+programming+language"
"programming languages favorites in 2015",1,0.1,,,"","http://clicky.com/stats/visitors?site_id=100754003&date=2014-11-12,2015-02-09&search=programming+languages+favorites+in+2015"
"how do i put more than one package in a conda environment",1,0.1,,,"","http://clicky.com/stats/visitors?site_id=100754003&date=2014-11-12,2015-02-09&search=how+do+i+put+more+than+one+package+in+a+conda+environment"
"anaconda python",1,0.1,,,"","http://clicky.com/stats/visitors?site_id=100754003&date=2014-11-12,2015-02-09&search=anaconda+python"
"python vs ruby",1,0.1,,,"","http://clicky.com/stats/visitors?site_id=100754003&date=2014-11-12,2015-02-09&search=python+vs+ruby"
"svn vs mercurial",1,0.1,,,"","http://clicky.com/stats/visitors?site_id=100754003&date=2014-11-12,2015-02-09&search=svn+vs+mercurial"
"python engineering statics",1,0.1,,,"","http://clicky.com/stats/visitors?site_id=100754003&date=2014-11-12,2015-02-09&search=python+engineering+statics"
"How to survive a job you hate",1,0.1,,,"","http://clicky.com/stats/visitors?site_id=100754003&date=2014-11-12,2015-02-09&search=How+to+survive+a+job+you+hate"
"puzzle question",1,0.1,,,"","http://clicky.com/stats/visitors?site_id=100754003&date=2014-11-12,2015-02-09&search=puzzle+question"
"i absolutely hate my job",1,0.1,,,"","http://clicky.com/stats/visitors?site_id=100754003&date=2014-11-12,2015-02-09&search=i+absolutely+hate+my+job"
"depression mind",1,0.1,,,"","http://clicky.com/stats/visitors?site_id=100754003&date=2014-11-12,2015-02-09&search=depression+mind"

