﻿
#####
##### SEARCHES-ENGINES
#####

"# 2014-11-12,2015-02-09"
Item,Value,Value Percent,Conversions,Conversion Percent,URL,Stats URL
"google.com",939,50.1,,,"","http://clicky.com/stats/visitors?site_id=100754003&date=2014-11-12,2015-02-09&domain=google.com"
"google.co.uk",163,8.7,,,"","http://clicky.com/stats/visitors?site_id=100754003&date=2014-11-12,2015-02-09&domain=google.co.uk"
"google.ca",123,6.6,,,"","http://clicky.com/stats/visitors?site_id=100754003&date=2014-11-12,2015-02-09&domain=google.ca"
"google.co.in",77,4.1,,,"","http://clicky.com/stats/visitors?site_id=100754003&date=2014-11-12,2015-02-09&domain=google.co.in"
"google.com.au",53,2.8,,,"","http://clicky.com/stats/visitors?site_id=100754003&date=2014-11-12,2015-02-09&domain=google.com.au"
"google.nl",38,2,,,"","http://clicky.com/stats/visitors?site_id=100754003&date=2014-11-12,2015-02-09&domain=google.nl"
"google.de",32,1.7,,,"","http://clicky.com/stats/visitors?site_id=100754003&date=2014-11-12,2015-02-09&domain=google.de"
"google.es",22,1.2,,,"","http://clicky.com/stats/visitors?site_id=100754003&date=2014-11-12,2015-02-09&domain=google.es"
"google.fr",21,1.1,,,"","http://clicky.com/stats/visitors?site_id=100754003&date=2014-11-12,2015-02-09&domain=google.fr"
"bing.com",20,1.1,,,"","http://clicky.com/stats/visitors?site_id=100754003&date=2014-11-12,2015-02-09&domain=bing.com"
"google.com.br",19,1,,,"","http://clicky.com/stats/visitors?site_id=100754003&date=2014-11-12,2015-02-09&domain=google.com.br"
"google.pl",19,1,,,"","http://clicky.com/stats/visitors?site_id=100754003&date=2014-11-12,2015-02-09&domain=google.pl"
"google.it",18,1,,,"","http://clicky.com/stats/visitors?site_id=100754003&date=2014-11-12,2015-02-09&domain=google.it"
"google.se",18,1,,,"","http://clicky.com/stats/visitors?site_id=100754003&date=2014-11-12,2015-02-09&domain=google.se"
"google.no",18,1,,,"","http://clicky.com/stats/visitors?site_id=100754003&date=2014-11-12,2015-02-09&domain=google.no"
"plus.url.google.com",18,1,,,"","http://clicky.com/stats/visitors?site_id=100754003&date=2014-11-12,2015-02-09&domain=plus.url.google.com"
"google.co.nz",16,0.9,,,"","http://clicky.com/stats/visitors?site_id=100754003&date=2014-11-12,2015-02-09&domain=google.co.nz"
"google.ru",13,0.7,,,"","http://clicky.com/stats/visitors?site_id=100754003&date=2014-11-12,2015-02-09&domain=google.ru"
"google.com.sg",13,0.7,,,"","http://clicky.com/stats/visitors?site_id=100754003&date=2014-11-12,2015-02-09&domain=google.com.sg"
"search.yahoo.com",11,0.6,,,"","http://clicky.com/stats/visitors?site_id=100754003&date=2014-11-12,2015-02-09&domain=search.yahoo.com"
"google.com.my",10,0.5,,,"","http://clicky.com/stats/visitors?site_id=100754003&date=2014-11-12,2015-02-09&domain=google.com.my"
"google.dk",10,0.5,,,"","http://clicky.com/stats/visitors?site_id=100754003&date=2014-11-12,2015-02-09&domain=google.dk"
"google.co.il",9,0.5,,,"","http://clicky.com/stats/visitors?site_id=100754003&date=2014-11-12,2015-02-09&domain=google.co.il"
"google.com.ua",8,0.4,,,"","http://clicky.com/stats/visitors?site_id=100754003&date=2014-11-12,2015-02-09&domain=google.com.ua"
"google.com.pk",8,0.4,,,"","http://clicky.com/stats/visitors?site_id=100754003&date=2014-11-12,2015-02-09&domain=google.com.pk"
"google.ie",8,0.4,,,"","http://clicky.com/stats/visitors?site_id=100754003&date=2014-11-12,2015-02-09&domain=google.ie"
"google.com.vn",8,0.4,,,"","http://clicky.com/stats/visitors?site_id=100754003&date=2014-11-12,2015-02-09&domain=google.com.vn"
"google.be",8,0.4,,,"","http://clicky.com/stats/visitors?site_id=100754003&date=2014-11-12,2015-02-09&domain=google.be"
"google.ro",7,0.4,,,"","http://clicky.com/stats/visitors?site_id=100754003&date=2014-11-12,2015-02-09&domain=google.ro"
"google.co.jp",7,0.4,,,"","http://clicky.com/stats/visitors?site_id=100754003&date=2014-11-12,2015-02-09&domain=google.co.jp"
"google.at",7,0.4,,,"","http://clicky.com/stats/visitors?site_id=100754003&date=2014-11-12,2015-02-09&domain=google.at"
"google.ch",7,0.4,,,"","http://clicky.com/stats/visitors?site_id=100754003&date=2014-11-12,2015-02-09&domain=google.ch"
"google.fi",7,0.4,,,"","http://clicky.com/stats/visitors?site_id=100754003&date=2014-11-12,2015-02-09&domain=google.fi"
"yandex.ru",6,0.3,,,"","http://clicky.com/stats/visitors?site_id=100754003&date=2014-11-12,2015-02-09&domain=yandex.ru"
"duckduckgo.com",6,0.3,,,"","http://clicky.com/stats/visitors?site_id=100754003&date=2014-11-12,2015-02-09&domain=duckduckgo.com"
"google.com.mx",6,0.3,,,"","http://clicky.com/stats/visitors?site_id=100754003&date=2014-11-12,2015-02-09&domain=google.com.mx"
"google.com.tr",5,0.3,,,"","http://clicky.com/stats/visitors?site_id=100754003&date=2014-11-12,2015-02-09&domain=google.com.tr"
"google.gr",5,0.3,,,"","http://clicky.com/stats/visitors?site_id=100754003&date=2014-11-12,2015-02-09&domain=google.gr"
"google.com.ph",5,0.3,,,"","http://clicky.com/stats/visitors?site_id=100754003&date=2014-11-12,2015-02-09&domain=google.com.ph"
"google.hr",5,0.3,,,"","http://clicky.com/stats/visitors?site_id=100754003&date=2014-11-12,2015-02-09&domain=google.hr"
"google.bg",4,0.2,,,"","http://clicky.com/stats/visitors?site_id=100754003&date=2014-11-12,2015-02-09&domain=google.bg"
"google.pt",4,0.2,,,"","http://clicky.com/stats/visitors?site_id=100754003&date=2014-11-12,2015-02-09&domain=google.pt"
"google.si",4,0.2,,,"","http://clicky.com/stats/visitors?site_id=100754003&date=2014-11-12,2015-02-09&domain=google.si"
"google.co.kr",4,0.2,,,"","http://clicky.com/stats/visitors?site_id=100754003&date=2014-11-12,2015-02-09&domain=google.co.kr"
"google.co.za",4,0.2,,,"","http://clicky.com/stats/visitors?site_id=100754003&date=2014-11-12,2015-02-09&domain=google.co.za"
"google.co.th",4,0.2,,,"","http://clicky.com/stats/visitors?site_id=100754003&date=2014-11-12,2015-02-09&domain=google.co.th"
"google.cz",4,0.2,,,"","http://clicky.com/stats/visitors?site_id=100754003&date=2014-11-12,2015-02-09&domain=google.cz"
"google.hu",3,0.2,,,"","http://clicky.com/stats/visitors?site_id=100754003&date=2014-11-12,2015-02-09&domain=google.hu"
"google.com.eg",3,0.2,,,"","http://clicky.com/stats/visitors?site_id=100754003&date=2014-11-12,2015-02-09&domain=google.com.eg"
"google.rs",3,0.2,,,"","http://clicky.com/stats/visitors?site_id=100754003&date=2014-11-12,2015-02-09&domain=google.rs"
"google.ee",3,0.2,,,"","http://clicky.com/stats/visitors?site_id=100754003&date=2014-11-12,2015-02-09&domain=google.ee"
"cn.bing.com",2,0.1,,,"","http://clicky.com/stats/visitors?site_id=100754003&date=2014-11-12,2015-02-09&domain=cn.bing.com"
"google.com.hk",2,0.1,,,"","http://clicky.com/stats/visitors?site_id=100754003&date=2014-11-12,2015-02-09&domain=google.com.hk"
"google.ba",2,0.1,,,"","http://clicky.com/stats/visitors?site_id=100754003&date=2014-11-12,2015-02-09&domain=google.ba"
"google.tn",2,0.1,,,"","http://clicky.com/stats/visitors?site_id=100754003&date=2014-11-12,2015-02-09&domain=google.tn"
"google.com.ec",2,0.1,,,"","http://clicky.com/stats/visitors?site_id=100754003&date=2014-11-12,2015-02-09&domain=google.com.ec"
"google.lt",2,0.1,,,"","http://clicky.com/stats/visitors?site_id=100754003&date=2014-11-12,2015-02-09&domain=google.lt"
"google.co.id",2,0.1,,,"","http://clicky.com/stats/visitors?site_id=100754003&date=2014-11-12,2015-02-09&domain=google.co.id"
"google.com.ar",2,0.1,,,"","http://clicky.com/stats/visitors?site_id=100754003&date=2014-11-12,2015-02-09&domain=google.com.ar"
"google.by",2,0.1,,,"","http://clicky.com/stats/visitors?site_id=100754003&date=2014-11-12,2015-02-09&domain=google.by"
"google.com.pe",2,0.1,,,"","http://clicky.com/stats/visitors?site_id=100754003&date=2014-11-12,2015-02-09&domain=google.com.pe"
"google.com.tw",2,0.1,,,"","http://clicky.com/stats/visitors?site_id=100754003&date=2014-11-12,2015-02-09&domain=google.com.tw"
"google.com.mt",1,0.1,,,"","http://clicky.com/stats/visitors?site_id=100754003&date=2014-11-12,2015-02-09&domain=google.com.mt"
"google.im",1,0.1,,,"","http://clicky.com/stats/visitors?site_id=100754003&date=2014-11-12,2015-02-09&domain=google.im"
"search.whiteskyservices.com",1,0.1,,,"","http://clicky.com/stats/visitors?site_id=100754003&date=2014-11-12,2015-02-09&domain=search.whiteskyservices.com"
"google.lk",1,0.1,,,"","http://clicky.com/stats/visitors?site_id=100754003&date=2014-11-12,2015-02-09&domain=google.lk"
"google.co.tz",1,0.1,,,"","http://clicky.com/stats/visitors?site_id=100754003&date=2014-11-12,2015-02-09&domain=google.co.tz"
"google.com.co",1,0.1,,,"","http://clicky.com/stats/visitors?site_id=100754003&date=2014-11-12,2015-02-09&domain=google.com.co"
"google.al",1,0.1,,,"","http://clicky.com/stats/visitors?site_id=100754003&date=2014-11-12,2015-02-09&domain=google.al"
"google.com.kw",1,0.1,,,"","http://clicky.com/stats/visitors?site_id=100754003&date=2014-11-12,2015-02-09&domain=google.com.kw"
"google.az",1,0.1,,,"","http://clicky.com/stats/visitors?site_id=100754003&date=2014-11-12,2015-02-09&domain=google.az"
"google.bs",1,0.1,,,"","http://clicky.com/stats/visitors?site_id=100754003&date=2014-11-12,2015-02-09&domain=google.bs"
"google.cl",1,0.1,,,"","http://clicky.com/stats/visitors?site_id=100754003&date=2014-11-12,2015-02-09&domain=google.cl"
"google.co.ke",1,0.1,,,"","http://clicky.com/stats/visitors?site_id=100754003&date=2014-11-12,2015-02-09&domain=google.co.ke"
"google.kz",1,0.1,,,"","http://clicky.com/stats/visitors?site_id=100754003&date=2014-11-12,2015-02-09&domain=google.kz"
"google.am",1,0.1,,,"","http://clicky.com/stats/visitors?site_id=100754003&date=2014-11-12,2015-02-09&domain=google.am"
"google.lv",1,0.1,,,"","http://clicky.com/stats/visitors?site_id=100754003&date=2014-11-12,2015-02-09&domain=google.lv"
"search.ask.com",1,0.1,,,"","http://clicky.com/stats/visitors?site_id=100754003&date=2014-11-12,2015-02-09&domain=search.ask.com"
"google.is",1,0.1,,,"","http://clicky.com/stats/visitors?site_id=100754003&date=2014-11-12,2015-02-09&domain=google.is"
"google.sk",1,0.1,,,"","http://clicky.com/stats/visitors?site_id=100754003&date=2014-11-12,2015-02-09&domain=google.sk"
"google.com.sa",1,0.1,,,"","http://clicky.com/stats/visitors?site_id=100754003&date=2014-11-12,2015-02-09&domain=google.com.sa"
"google.co.ve",1,0.1,,,"","http://clicky.com/stats/visitors?site_id=100754003&date=2014-11-12,2015-02-09&domain=google.co.ve"
"google.com.bd",1,0.1,,,"","http://clicky.com/stats/visitors?site_id=100754003&date=2014-11-12,2015-02-09&domain=google.com.bd"

