﻿
#####
##### PAGES-ENTRANCE
#####

"# 2014-11-12,2015-02-09"
Item,Value,Value Percent,Conversions,Conversion Percent,URL,Stats URL
"Build a Reddit Bot Part 1 | Python For Engineers",3774,30.1,,,"http://pythonforengineers.com/build-a-reddit-bot-part-1/","http://clicky.com/stats/visitors?site_id=100754003&date=2014-11-12,2015-02-09&landing=%2Fbuild-a-reddit-bot-part-1%2F"
"The most popular programming languages on Reddit | Python For Engineers",2880,23,,,"http://pythonforengineers.com/the-most-popular-programming-languages-on-reddit/","http://clicky.com/stats/visitors?site_id=100754003&date=2014-11-12,2015-02-09&landing=%2Fthe-most-popular-programming-languages-on-reddit%2F"
"Build a Reddit Bot Part 3: Automate your bot | Python For Engineers",1968,15.7,,,"http://pythonforengineers.com/build-a-reddit-bot-part-3-automate-your-bot/","http://clicky.com/stats/visitors?site_id=100754003&date=2014-11-12,2015-02-09&landing=%2Fbuild-a-reddit-bot-part-3-automate-your-bot%2F"
"Python For Engineers",1038,8.3,,,"http://pythonforengineers.com/","http://clicky.com/stats/visitors?site_id=100754003&date=2014-11-12,2015-02-09&landing=%2F"
"Build a Reddit Bot Part 2: Reply to posts | Python For Engineers",886,7.1,,,"http://pythonforengineers.com/build-a-reddit-bot-part-2-reply-to-posts/","http://clicky.com/stats/visitors?site_id=100754003&date=2014-11-12,2015-02-09&landing=%2Fbuild-a-reddit-bot-part-2-reply-to-posts%2F"
"How to survive a job you absolutely hate | Python For Engineers",302,2.4,,,"http://pythonforengineers.com/survive-job-you-absolutely-hate/","http://clicky.com/stats/visitors?site_id=100754003&date=2014-11-12,2015-02-09&landing=%2Fsurvive-job-you-absolutely-hate%2F"
"Your Favorite Programming Language Sucks | Python For Engineers",216,1.7,,,"http://pythonforengineers.com/favorite-programming-language-sucks/","http://clicky.com/stats/visitors?site_id=100754003&date=2014-11-12,2015-02-09&landing=%2Ffavorite-programming-language-sucks%2F"
"Python on Windows causing you pain? Try Anaconda | Python For Engineers",205,1.6,,,"http://pythonforengineers.com/python-on-windows-causing-you-pain-try-anaconda/","http://clicky.com/stats/visitors?site_id=100754003&date=2014-11-12,2015-02-09&landing=%2Fpython-on-windows-causing-you-pain-try-anaconda%2F"
"Articles | Python For Engineers",157,1.3,,,"http://pythonforengineers.com/articles/","http://clicky.com/stats/visitors?site_id=100754003&date=2014-11-12,2015-02-09&landing=%2Farticles%2F"
"Stop struggling with Python on Windows | Python For Engineers",115,0.9,,,"http://pythonforengineers.com/stop-struggling-with-python-on-windows/","http://clicky.com/stats/visitors?site_id=100754003&date=2014-11-12,2015-02-09&landing=%2Fstop-struggling-with-python-on-windows%2F"
"Svn vs Git vs Mercurial | Python For Engineers",103,0.8,,,"http://pythonforengineers.com/svn-vs-git-vs-mercurial/","http://clicky.com/stats/visitors?site_id=100754003&date=2014-11-12,2015-02-09&landing=%2Fsvn-vs-git-vs-mercurial%2F"
"Python for Engineers Book | Python For Engineers",94,0.8,,,"http://pythonforengineers.com/pythonforengineersbook/","http://clicky.com/stats/visitors?site_id=100754003&date=2014-11-12,2015-02-09&landing=%2Fpythonforengineersbook%2F"
"Build Software Robots with Python | Python For Engineers",85,0.7,,,"http://pythonforengineers.com/build-software-robots-with-python/","http://clicky.com/stats/visitors?site_id=100754003&date=2014-11-12,2015-02-09&landing=%2Fbuild-software-robots-with-python%2F"
"Forum: Python for Engineers Book |",81,0.6,,,"http://pythonforengineers.com/forum/pyengbook/","http://clicky.com/stats/visitors?site_id=100754003&date=2014-11-12,2015-02-09&landing=%2Fforum%2Fpyengbook%2F"
"How to overcome mind numbing depression | Python For Engineers",76,0.6,,,"http://pythonforengineers.com/overcome-mind-numbing-depression/","http://clicky.com/stats/visitors?site_id=100754003&date=2014-11-12,2015-02-09&landing=%2Fovercome-mind-numbing-depression%2F"
"Python vs Ruby vs Perl | Python For Engineers",55,0.4,,,"http://pythonforengineers.com/python-vs-ruby-vs-perl/","http://clicky.com/stats/visitors?site_id=100754003&date=2014-11-12,2015-02-09&landing=%2Fpython-vs-ruby-vs-perl%2F"
"Web Scraping Course | Python For Engineers",50,0.4,,,"http://pythonforengineers.com/web-scraping-course/","http://clicky.com/stats/visitors?site_id=100754003&date=2014-11-12,2015-02-09&landing=%2Fweb-scraping-course%2F"
"Stupid answers to stupid puzzle interview questions | Python For Engineers",46,0.4,,,"http://pythonforengineers.com/stupid-answers-stupid-puzzle-interview-questions/","http://clicky.com/stats/visitors?site_id=100754003&date=2014-11-12,2015-02-09&landing=%2Fstupid-answers-stupid-puzzle-interview-questions%2F"
"Interview with Michael Herman of RealPython | Python For Engineers",35,0.3,,,"http://pythonforengineers.com/interview-michael-herman-realpython/","http://clicky.com/stats/visitors?site_id=100754003&date=2014-11-12,2015-02-09&landing=%2Finterview-michael-herman-realpython%2F"
"Why your Resume/CV sucks, and what to do about it | Python For Engineers",34,0.3,,,"http://pythonforengineers.com/why-your-resume-cv-sucks/","http://clicky.com/stats/visitors?site_id=100754003&date=2014-11-12,2015-02-09&landing=%2Fwhy-your-resume-cv-sucks%2F"
"Python for Engineers and Scientists | Python For Engineers",33,0.3,,,"http://pythonforengineers.com/python-for-engineers-and-scientists/","http://clicky.com/stats/visitors?site_id=100754003&date=2014-11-12,2015-02-09&landing=%2Fpython-for-engineers-and-scientists%2F"
"Page not found | Python For Engineers",33,0.3,,,"http://pythonforengineers.com/56-2/","http://clicky.com/stats/visitors?site_id=100754003&date=2014-11-12,2015-02-09&landing=%2F56-2%2F"
"Level up your Python | Python For Engineers",28,0.2,,,"http://pythonforengineers.com/level-up-your-python/","http://clicky.com/stats/visitors?site_id=100754003&date=2014-11-12,2015-02-09&landing=%2Flevel-up-your-python%2F"
"Secret | Python For Engineers",23,0.2,,,"http://pythonforengineers.com/secret/","http://clicky.com/stats/visitors?site_id=100754003&date=2014-11-12,2015-02-09&landing=%2Fsecret%2F"
"Web Scraping Course | Python For Engineers",21,0.2,,,"http://pythonforengineers.com/web-scraping-course/?ct=t%28Web_Scraping_Course_will_be_out_soon1_24_2015%29","http://clicky.com/stats/visitors?site_id=100754003&date=2014-11-12,2015-02-09&landing=%2Fweb-scraping-course%2F%3Fct%3Dt%2528Web_Scraping_Course_will_be_out_soon1_24_2015%2529"
"Get updates | Python For Engineers",20,0.2,,,"http://pythonforengineers.com/get-updates/","http://clicky.com/stats/visitors?site_id=100754003&date=2014-11-12,2015-02-09&landing=%2Fget-updates%2F"
"3 and 1/2 ways to try Python without installing it | Python For Engineers",19,0.2,,,"http://pythonforengineers.com/3-and-12-ways-to-try-python-without-installing-it/","http://clicky.com/stats/visitors?site_id=100754003&date=2014-11-12,2015-02-09&landing=%2F3-and-12-ways-to-try-python-without-installing-it%2F"
"Programming languages come to dinner | Python For Engineers",14,0.1,,,"http://pythonforengineers.com/programming-languages-come-dinner/","http://clicky.com/stats/visitors?site_id=100754003&date=2014-11-12,2015-02-09&landing=%2Fprogramming-languages-come-dinner%2F"
"What do you mean you can’t choose between Python 2 and 3? | Python For Engineers",10,0.1,,,"http://pythonforengineers.com/what-do-you-mean-you-cant-choose-between-python-2-and-3/","http://clicky.com/stats/visitors?site_id=100754003&date=2014-11-12,2015-02-09&landing=%2Fwhat-do-you-mean-you-cant-choose-between-python-2-and-3%2F"
"Your first Git project on Windows using the Github GUI client | Python For Engineers",8,0.1,,,"http://pythonforengineers.com/your-first-git-project-on-windows-not-a-commandline-in-sight/","http://clicky.com/stats/visitors?site_id=100754003&date=2014-11-12,2015-02-09&landing=%2Fyour-first-git-project-on-windows-not-a-commandline-in-sight%2F"
"Topic: Virtual Machine problems |",7,0.1,,,"http://pythonforengineers.com/topic/virtual-machine-problems/","http://clicky.com/stats/visitors?site_id=100754003&date=2014-11-12,2015-02-09&landing=%2Ftopic%2Fvirtual-machine-problems%2F"
"Reddit raw data | Python For Engineers",6,0,,,"http://pythonforengineers.com/reddit-raw-data/","http://clicky.com/stats/visitors?site_id=100754003&date=2014-11-12,2015-02-09&landing=%2Freddit-raw-data%2F"
"Topic: Installation / Library problems | Python For Engineers",6,0,,,"http://pythonforengineers.com/topic/installation-library-problems/","http://clicky.com/stats/visitors?site_id=100754003&date=2014-11-12,2015-02-09&landing=%2Ftopic%2Finstallation-library-problems%2F"
"Topic: Buggy / incomplete code | Python For Engineers",6,0,,,"http://pythonforengineers.com/topic/buggy-incomplete-code/","http://clicky.com/stats/visitors?site_id=100754003&date=2014-11-12,2015-02-09&landing=%2Ftopic%2Fbuggy-incomplete-code%2F"
"Introduction to Web Scraping and Data Analysis | Python For Engineers",6,0,,,"http://pythonforengineers.com/introduction-to-web-scraping-and-data-analysis/","http://clicky.com/stats/visitors?site_id=100754003&date=2014-11-12,2015-02-09&landing=%2Fintroduction-to-web-scraping-and-data-analysis%2F"
"Contact | Python For Engineers",5,0,,,"http://pythonforengineers.com/contact/","http://clicky.com/stats/visitors?site_id=100754003&date=2014-11-12,2015-02-09&landing=%2Fcontact%2F"
"Topic: Typos | Python For Engineers",5,0,,,"http://pythonforengineers.com/topic/typos/","http://clicky.com/stats/visitors?site_id=100754003&date=2014-11-12,2015-02-09&landing=%2Ftopic%2Ftypos%2F"
"Topic: What is the password? | Python For Engineers",5,0,,,"http://pythonforengineers.com/topic/what-is-the-password/","http://clicky.com/stats/visitors?site_id=100754003&date=2014-11-12,2015-02-09&landing=%2Ftopic%2Fwhat-is-the-password%2F"
"Web Scraping Course | Python For Engineers",4,0,,,"http://pythonforengineers.com/web-scraping-course/?ct=t%28Web_Scraping_Course_is_online1_26_2015%29&goal=0_1df662b649-b1e7df7f2a-106652585","http://clicky.com/stats/visitors?site_id=100754003&date=2014-11-12,2015-02-09&landing=%2Fweb-scraping-course%2F%3Fct%3Dt%2528Web_Scraping_Course_is_online1_26_2015%2529%26goal%3D0_1df662b649-b1e7df7f2a-106652585"
"Why Following Your Passion Doesn’t Work | Python For Engineers",4,0,,,"http://pythonforengineers.com/following-passion-doesnt-work/","http://clicky.com/stats/visitors?site_id=100754003&date=2014-11-12,2015-02-09&landing=%2Ffollowing-passion-doesnt-work%2F"
"Your Resume: A sales document, not a biography | Python For Engineers",4,0,,,"http://pythonforengineers.com/resume-sales-document-biography/","http://clicky.com/stats/visitors?site_id=100754003&date=2014-11-12,2015-02-09&landing=%2Fresume-sales-document-biography%2F"
"Page not found | Python For Engineers",4,0,,,"http://pythonforengineers.com/build-a-reddit-bot-part-2/","http://clicky.com/stats/visitors?site_id=100754003&date=2014-11-12,2015-02-09&landing=%2Fbuild-a-reddit-bot-part-2%2F"
"Web Scraping Course | Python For Engineers",3,0,,,"http://pythonforengineers.com/web-scraping-course/?ct=t%28Web_Scraping_Course_is_online1_26_2015%29&goal=0_1df662b649-b1e7df7f2a-103309617","http://clicky.com/stats/visitors?site_id=100754003&date=2014-11-12,2015-02-09&landing=%2Fweb-scraping-course%2F%3Fct%3Dt%2528Web_Scraping_Course_is_online1_26_2015%2529%26goal%3D0_1df662b649-b1e7df7f2a-103309617"
"What do you do if you break Production Code? | Python For Engineers",3,0,,,"http://pythonforengineers.com/break-production-code-what-to-do/","http://clicky.com/stats/visitors?site_id=100754003&date=2014-11-12,2015-02-09&landing=%2Fbreak-production-code-what-to-do%2F"
"Web Scraping Course | Python For Engineers",3,0,,,"http://pythonforengineers.com/web-scraping-course/?ct=t%28Web_Scraping_Course_is_online1_26_2015%29&goal=0_1df662b649-b1e7df7f2a-102608809","http://clicky.com/stats/visitors?site_id=100754003&date=2014-11-12,2015-02-09&landing=%2Fweb-scraping-course%2F%3Fct%3Dt%2528Web_Scraping_Course_is_online1_26_2015%2529%26goal%3D0_1df662b649-b1e7df7f2a-102608809"
"Web Scraping Course | Python For Engineers",2,0,,,"http://pythonforengineers.com/web-scraping-course/?ct=t%28Web_Scraping_Course_is_online1_26_2015%29&goal=0_1df662b649-b1e7df7f2a-107140269","http://clicky.com/stats/visitors?site_id=100754003&date=2014-11-12,2015-02-09&landing=%2Fweb-scraping-course%2F%3Fct%3Dt%2528Web_Scraping_Course_is_online1_26_2015%2529%26goal%3D0_1df662b649-b1e7df7f2a-107140269"
"Web Scraping Course | Python For Engineers",2,0,,,"http://pythonforengineers.com/web-scraping-course/?ct=t%28Web_Scraping_Course_is_online1_26_2015%29&goal=0_1df662b649-b1e7df7f2a-107689925","http://clicky.com/stats/visitors?site_id=100754003&date=2014-11-12,2015-02-09&landing=%2Fweb-scraping-course%2F%3Fct%3Dt%2528Web_Scraping_Course_is_online1_26_2015%2529%26goal%3D0_1df662b649-b1e7df7f2a-107689925"
"Scripting languages come to dinner | Python For Engineers",2,0,,,"http://pythonforengineers.com/scripting-languages-come-to-dinner/","http://clicky.com/stats/visitors?site_id=100754003&date=2014-11-12,2015-02-09&landing=%2Fscripting-languages-come-to-dinner%2F"
"Why use a version control system | Python For Engineers",2,0,,,"http://pythonforengineers.com/use-version-control-system/","http://clicky.com/stats/visitors?site_id=100754003&date=2014-11-12,2015-02-09&landing=%2Fuse-version-control-system%2F"
"Web Scraping Course | Python For Engineers",1,0,,,"http://pythonforengineers.com/web-scraping-course/?ct=t%28Web_Scraping_Course_is_online1_26_2015%29&goal=0_1df662b649-b1e7df7f2a-102608725","http://clicky.com/stats/visitors?site_id=100754003&date=2014-11-12,2015-02-09&landing=%2Fweb-scraping-course%2F%3Fct%3Dt%2528Web_Scraping_Course_is_online1_26_2015%2529%26goal%3D0_1df662b649-b1e7df7f2a-102608725"
"Web Scraping Course | Python For Engineers",1,0,,,"http://pythonforengineers.com/web-scraping-course/?ct=t%28Web_Scraping_Course_is_online1_26_2015%29&goal=0_1df662b649-b1e7df7f2a-107140309","http://clicky.com/stats/visitors?site_id=100754003&date=2014-11-12,2015-02-09&landing=%2Fweb-scraping-course%2F%3Fct%3Dt%2528Web_Scraping_Course_is_online1_26_2015%2529%26goal%3D0_1df662b649-b1e7df7f2a-107140309"
"Web Scraping Course | Python For Engineers",1,0,,,"http://pythonforengineers.com/web-scraping-course/?ct=t%28Web_Scraping_Course_is_online1_26_2015%29&goal=0_1df662b649-b1e7df7f2a-104862577","http://clicky.com/stats/visitors?site_id=100754003&date=2014-11-12,2015-02-09&landing=%2Fweb-scraping-course%2F%3Fct%3Dt%2528Web_Scraping_Course_is_online1_26_2015%2529%26goal%3D0_1df662b649-b1e7df7f2a-104862577"
"Web Scraping Course | Python For Engineers",1,0,,,"http://pythonforengineers.com/web-scraping-course/?ct=t%28Web_Scraping_Course_is_online1_26_2015%29&goal=0_1df662b649-b1e7df7f2a-102777025","http://clicky.com/stats/visitors?site_id=100754003&date=2014-11-12,2015-02-09&landing=%2Fweb-scraping-course%2F%3Fct%3Dt%2528Web_Scraping_Course_is_online1_26_2015%2529%26goal%3D0_1df662b649-b1e7df7f2a-102777025"
"Web Scraping Course | Python For Engineers",1,0,,,"http://pythonforengineers.com/web-scraping-course/?ct=t%28Web_Scraping_Course_is_online1_26_2015%29&goal=0_1df662b649-b1e7df7f2a-104196421","http://clicky.com/stats/visitors?site_id=100754003&date=2014-11-12,2015-02-09&landing=%2Fweb-scraping-course%2F%3Fct%3Dt%2528Web_Scraping_Course_is_online1_26_2015%2529%26goal%3D0_1df662b649-b1e7df7f2a-104196421"
"Web Scraping Course | Python For Engineers",1,0,,,"http://pythonforengineers.com/web-scraping-course/?ct=t%28Web_Scraping_Course_is_online1_26_2015%29&goal=0_1df662b649-b1e7df7f2a-104394081","http://clicky.com/stats/visitors?site_id=100754003&date=2014-11-12,2015-02-09&landing=%2Fweb-scraping-course%2F%3Fct%3Dt%2528Web_Scraping_Course_is_online1_26_2015%2529%26goal%3D0_1df662b649-b1e7df7f2a-104394081"
"Web Scraping Course | Python For Engineers",1,0,,,"http://pythonforengineers.com/web-scraping-course/?ct=t%28Web_Scraping_Course_is_online1_26_2015%29&goal=0_1df662b649-b1e7df7f2a-107185493","http://clicky.com/stats/visitors?site_id=100754003&date=2014-11-12,2015-02-09&landing=%2Fweb-scraping-course%2F%3Fct%3Dt%2528Web_Scraping_Course_is_online1_26_2015%2529%26goal%3D0_1df662b649-b1e7df7f2a-107185493"
"Web Scraping Course | Python For Engineers",1,0,,,"http://pythonforengineers.com/web-scraping-course/?ct=t%28Web_Scraping_Course_is_online1_26_2015%29&goal=0_1df662b649-b1e7df7f2a-105166405","http://clicky.com/stats/visitors?site_id=100754003&date=2014-11-12,2015-02-09&landing=%2Fweb-scraping-course%2F%3Fct%3Dt%2528Web_Scraping_Course_is_online1_26_2015%2529%26goal%3D0_1df662b649-b1e7df7f2a-105166405"
"Web Scraping Course | Python For Engineers",1,0,,,"http://pythonforengineers.com/web-scraping-course/?ct=t%28Web_Scraping_Course_is_online1_26_2015%29&goal=0_1df662b649-b1e7df7f2a-102610529","http://clicky.com/stats/visitors?site_id=100754003&date=2014-11-12,2015-02-09&landing=%2Fweb-scraping-course%2F%3Fct%3Dt%2528Web_Scraping_Course_is_online1_26_2015%2529%26goal%3D0_1df662b649-b1e7df7f2a-102610529"
"Web Scraping Course | Python For Engineers",1,0,,,"http://pythonforengineers.com/web-scraping-course/?ct=t%28Web_Scraping_Course_is_online1_26_2015%29&goal=0_1df662b649-b1e7df7f2a-107140249","http://clicky.com/stats/visitors?site_id=100754003&date=2014-11-12,2015-02-09&landing=%2Fweb-scraping-course%2F%3Fct%3Dt%2528Web_Scraping_Course_is_online1_26_2015%2529%26goal%3D0_1df662b649-b1e7df7f2a-107140249"
"Web Scraping Course | Python For Engineers",1,0,,,"http://pythonforengineers.com/web-scraping-course/?ct=t%28Web_Scraping_Course_is_online1_26_2015%29&goal=0_1df662b649-b1e7df7f2a-102622757","http://clicky.com/stats/visitors?site_id=100754003&date=2014-11-12,2015-02-09&landing=%2Fweb-scraping-course%2F%3Fct%3Dt%2528Web_Scraping_Course_is_online1_26_2015%2529%26goal%3D0_1df662b649-b1e7df7f2a-102622757"
"Web Scraping Course | Python For Engineers",1,0,,,"http://pythonforengineers.com/web-scraping-course/?ct=t%28Web_Scraping_Course_is_online1_26_2015%29&goal=0_1df662b649-b1e7df7f2a-102673377","http://clicky.com/stats/visitors?site_id=100754003&date=2014-11-12,2015-02-09&landing=%2Fweb-scraping-course%2F%3Fct%3Dt%2528Web_Scraping_Course_is_online1_26_2015%2529%26goal%3D0_1df662b649-b1e7df7f2a-102673377"
"Web Scraping Course | Python For Engineers",1,0,,,"http://pythonforengineers.com/web-scraping-course/?ct=t%28Web_Scraping_Course_is_online1_26_2015%29&goal=0_1df662b649-b1e7df7f2a-104863957","http://clicky.com/stats/visitors?site_id=100754003&date=2014-11-12,2015-02-09&landing=%2Fweb-scraping-course%2F%3Fct%3Dt%2528Web_Scraping_Course_is_online1_26_2015%2529%26goal%3D0_1df662b649-b1e7df7f2a-104863957"
"Web Scraping Course | Python For Engineers",1,0,,,"http://pythonforengineers.com/web-scraping-course/?ct=t%28Web_Scraping_Course_is_online1_26_2015%29&goal=0_1df662b649-b1e7df7f2a-103738613","http://clicky.com/stats/visitors?site_id=100754003&date=2014-11-12,2015-02-09&landing=%2Fweb-scraping-course%2F%3Fct%3Dt%2528Web_Scraping_Course_is_online1_26_2015%2529%26goal%3D0_1df662b649-b1e7df7f2a-103738613"
"Web Scraping Course | Python For Engineers",1,0,,,"http://pythonforengineers.com/web-scraping-course/?ct=t%28Web_Scraping_Course_is_online1_26_2015%29&goal=0_1df662b649-b1e7df7f2a-103569241","http://clicky.com/stats/visitors?site_id=100754003&date=2014-11-12,2015-02-09&landing=%2Fweb-scraping-course%2F%3Fct%3Dt%2528Web_Scraping_Course_is_online1_26_2015%2529%26goal%3D0_1df662b649-b1e7df7f2a-103569241"
"Web Scraping Course | Python For Engineers",1,0,,,"http://pythonforengineers.com/web-scraping-course/?ct=t%28Web_Scraping_Course_is_online1_26_2015%29&goal=0_1df662b649-b1e7df7f2a-108089381","http://clicky.com/stats/visitors?site_id=100754003&date=2014-11-12,2015-02-09&landing=%2Fweb-scraping-course%2F%3Fct%3Dt%2528Web_Scraping_Course_is_online1_26_2015%2529%26goal%3D0_1df662b649-b1e7df7f2a-108089381"
"Which language should you choose for web development? | Python For Engineers",1,0,,,"http://pythonforengineers.com/which-language-should-you-choose-for-web-development/","http://clicky.com/stats/visitors?site_id=100754003&date=2014-11-12,2015-02-09&landing=%2Fwhich-language-should-you-choose-for-web-development%2F"
"3 things every programmer must learn (and no one teaches you) | Python For Engineers",1,0,,,"http://pythonforengineers.com/3-things-every-programmer-must-learn/","http://clicky.com/stats/visitors?site_id=100754003&date=2014-11-12,2015-02-09&landing=%2F3-things-every-programmer-must-learn%2F"
"Templates in Flask | Python For Engineers",1,0,,,"http://pythonforengineers.com/templates-flask-python/","http://clicky.com/stats/visitors?site_id=100754003&date=2014-11-12,2015-02-09&landing=%2Ftemplates-flask-python%2F"
"Shantnu's Topics |",1,0,,,"http://pythonforengineers.com/users/shantnu/topics/","http://clicky.com/stats/visitors?site_id=100754003&date=2014-11-12,2015-02-09&landing=%2Fusers%2Fshantnu%2Ftopics%2F"
"python | Search Results | Python For Engineers",1,0,,,"http://pythonforengineers.com/?s=python","http://clicky.com/stats/visitors?site_id=100754003&date=2014-11-12,2015-02-09&landing=%2F%3Fs%3Dpython"
"Page not found | Python For Engineers",1,0,,,"http://pythonforengineers.com/notified-LAC_Compliance","http://clicky.com/stats/visitors?site_id=100754003&date=2014-11-12,2015-02-09&landing=%2Fnotified-LAC_Compliance"
"Page not found | Python For Engineers",1,0,,,"http://pythonforengineers.com/accepted-Speed_Bump","http://clicky.com/stats/visitors?site_id=100754003&date=2014-11-12,2015-02-09&landing=%2Faccepted-Speed_Bump"
"Forums | Python For Engineers",1,0,,,"http://pythonforengineers.com/forums/","http://clicky.com/stats/visitors?site_id=100754003&date=2014-11-12,2015-02-09&landing=%2Fforums%2F"
"Web Scraping Course | Python For Engineers",1,0,,,"http://pythonforengineers.com/web-scraping-course/?ct=t%28Web_Scraping_Course_is_online1_26_2015%29&goal=0_1df662b649-b1e7df7f2a-104445805","http://clicky.com/stats/visitors?site_id=100754003&date=2014-11-12,2015-02-09&landing=%2Fweb-scraping-course%2F%3Fct%3Dt%2528Web_Scraping_Course_is_online1_26_2015%2529%26goal%3D0_1df662b649-b1e7df7f2a-104445805"
"From Old Website | Python For Engineers",1,0,,,"http://pythonforengineers.com/from-old-website/","http://clicky.com/stats/visitors?site_id=100754003&date=2014-11-12,2015-02-09&landing=%2Ffrom-old-website%2F"
"Web Scraping Course | Python For Engineers",1,0,,,"http://pythonforengineers.com/web-scraping-course/?ct=t%28Web_Scraping_Course_is_online1_26_2015%29&goal=0_1df662b649-b1e7df7f2a-106654585","http://clicky.com/stats/visitors?site_id=100754003&date=2014-11-12,2015-02-09&landing=%2Fweb-scraping-course%2F%3Fct%3Dt%2528Web_Scraping_Course_is_online1_26_2015%2529%26goal%3D0_1df662b649-b1e7df7f2a-106654585"
"Web Scraping Course | Python For Engineers",1,0,,,"http://pythonforengineers.com/web-scraping-course/?ct=t%28Web_Scraping_Course_is_online1_26_2015%29&goal=0_1df662b649-b1e7df7f2a-104237689","http://clicky.com/stats/visitors?site_id=100754003&date=2014-11-12,2015-02-09&landing=%2Fweb-scraping-course%2F%3Fct%3Dt%2528Web_Scraping_Course_is_online1_26_2015%2529%26goal%3D0_1df662b649-b1e7df7f2a-104237689"
"Web Scraping Course | Python For Engineers",1,0,,,"http://pythonforengineers.com/web-scraping-course/?ct=t%28Web_Scraping_Course_is_online1_26_2015%29&goal=0_1df662b649-b1e7df7f2a-104855133","http://clicky.com/stats/visitors?site_id=100754003&date=2014-11-12,2015-02-09&landing=%2Fweb-scraping-course%2F%3Fct%3Dt%2528Web_Scraping_Course_is_online1_26_2015%2529%26goal%3D0_1df662b649-b1e7df7f2a-104855133"
"Web Scraping Course | Python For Engineers",1,0,,,"http://pythonforengineers.com/web-scraping-course/?ct=t%28Web_Scraping_Course_is_online1_26_2015%29&goal=0_1df662b649-b1e7df7f2a-107140741","http://clicky.com/stats/visitors?site_id=100754003&date=2014-11-12,2015-02-09&landing=%2Fweb-scraping-course%2F%3Fct%3Dt%2528Web_Scraping_Course_is_online1_26_2015%2529%26goal%3D0_1df662b649-b1e7df7f2a-107140741"
"Web Scraping Course | Python For Engineers",1,0,,,"http://pythonforengineers.com/web-scraping-course/?ct=t%28Web_Scraping_Course_is_online1_26_2015%29&goal=0_1df662b649-b1e7df7f2a-102782761","http://clicky.com/stats/visitors?site_id=100754003&date=2014-11-12,2015-02-09&landing=%2Fweb-scraping-course%2F%3Fct%3Dt%2528Web_Scraping_Course_is_online1_26_2015%2529%26goal%3D0_1df662b649-b1e7df7f2a-102782761"
"Web Scraping Course | Python For Engineers",1,0,,,"http://pythonforengineers.com/web-scraping-course/?ct=t%28Web_Scraping_Course_is_online1_26_2015%29&goal=0_1df662b649-b1e7df7f2a-104498589","http://clicky.com/stats/visitors?site_id=100754003&date=2014-11-12,2015-02-09&landing=%2Fweb-scraping-course%2F%3Fct%3Dt%2528Web_Scraping_Course_is_online1_26_2015%2529%26goal%3D0_1df662b649-b1e7df7f2a-104498589"
"Web Scraping Course | Python For Engineers",1,0,,,"http://pythonforengineers.com/web-scraping-course/?ct=t%28Web_Scraping_Course_is_online1_26_2015%29&goal=0_1df662b649-b1e7df7f2a-105294385","http://clicky.com/stats/visitors?site_id=100754003&date=2014-11-12,2015-02-09&landing=%2Fweb-scraping-course%2F%3Fct%3Dt%2528Web_Scraping_Course_is_online1_26_2015%2529%26goal%3D0_1df662b649-b1e7df7f2a-105294385"
"Web Scraping Course | Python For Engineers",1,0,,,"http://pythonforengineers.com/web-scraping-course/?ct=t%28Web_Scraping_Course_is_online1_26_2015%29&goal=0_1df662b649-b1e7df7f2a-105787429","http://clicky.com/stats/visitors?site_id=100754003&date=2014-11-12,2015-02-09&landing=%2Fweb-scraping-course%2F%3Fct%3Dt%2528Web_Scraping_Course_is_online1_26_2015%2529%26goal%3D0_1df662b649-b1e7df7f2a-105787429"
"Web Scraping Course | Python For Engineers",1,0,,,"http://pythonforengineers.com/web-scraping-course/?ct=t%28Web_Scraping_Course_is_online1_26_2015%29&goal=0_1df662b649-b1e7df7f2a-102616853","http://clicky.com/stats/visitors?site_id=100754003&date=2014-11-12,2015-02-09&landing=%2Fweb-scraping-course%2F%3Fct%3Dt%2528Web_Scraping_Course_is_online1_26_2015%2529%26goal%3D0_1df662b649-b1e7df7f2a-102616853"
"Web Scraping Course | Python For Engineers",1,0,,,"http://pythonforengineers.com/web-scraping-course/?ct=t%28Web_Scraping_Course_is_online1_26_2015%29&goal=0_1df662b649-b1e7df7f2a-107272789","http://clicky.com/stats/visitors?site_id=100754003&date=2014-11-12,2015-02-09&landing=%2Fweb-scraping-course%2F%3Fct%3Dt%2528Web_Scraping_Course_is_online1_26_2015%2529%26goal%3D0_1df662b649-b1e7df7f2a-107272789"

