﻿
#####
##### PAGES
#####

"# 2014-11-12,2015-02-09"
Item,Value,Value Percent,Conversions,Conversion Percent,URL,Stats URL
"Build a Reddit Bot Part 1 | Python For Engineers",5108,28.1,,,"http://pythonforengineers.com/build-a-reddit-bot-part-1/","http://clicky.com/stats/visitors?site_id=100754003&date=2014-11-12,2015-02-09&href=%2Fbuild-a-reddit-bot-part-1%2F"
"The most popular programming languages on Reddit | Python For Engineers",3035,16.7,,,"http://pythonforengineers.com/the-most-popular-programming-languages-on-reddit/","http://clicky.com/stats/visitors?site_id=100754003&date=2014-11-12,2015-02-09&href=%2Fthe-most-popular-programming-languages-on-reddit%2F"
"Build a Reddit Bot Part 3: Automate your bot | Python For Engineers",2395,13.2,,,"http://pythonforengineers.com/build-a-reddit-bot-part-3-automate-your-bot/","http://clicky.com/stats/visitors?site_id=100754003&date=2014-11-12,2015-02-09&href=%2Fbuild-a-reddit-bot-part-3-automate-your-bot%2F"
"Python For Engineers",1863,10.3,,,"http://pythonforengineers.com/","http://clicky.com/stats/visitors?site_id=100754003&date=2014-11-12,2015-02-09&href=%2F"
"Build a Reddit Bot Part 2: Reply to posts | Python For Engineers",1418,7.8,,,"http://pythonforengineers.com/build-a-reddit-bot-part-2-reply-to-posts/","http://clicky.com/stats/visitors?site_id=100754003&date=2014-11-12,2015-02-09&href=%2Fbuild-a-reddit-bot-part-2-reply-to-posts%2F"
"Articles | Python For Engineers",872,4.8,,,"http://pythonforengineers.com/articles/","http://clicky.com/stats/visitors?site_id=100754003&date=2014-11-12,2015-02-09&href=%2Farticles%2F"
"Python for Engineers Book | Python For Engineers",425,2.3,,,"http://pythonforengineers.com/pythonforengineersbook/","http://clicky.com/stats/visitors?site_id=100754003&date=2014-11-12,2015-02-09&href=%2Fpythonforengineersbook%2F"
"How to survive a job you absolutely hate | Python For Engineers",311,1.7,,,"http://pythonforengineers.com/survive-job-you-absolutely-hate/","http://clicky.com/stats/visitors?site_id=100754003&date=2014-11-12,2015-02-09&href=%2Fsurvive-job-you-absolutely-hate%2F"
"Python on Windows causing you pain? Try Anaconda | Python For Engineers",298,1.6,,,"http://pythonforengineers.com/python-on-windows-causing-you-pain-try-anaconda/","http://clicky.com/stats/visitors?site_id=100754003&date=2014-11-12,2015-02-09&href=%2Fpython-on-windows-causing-you-pain-try-anaconda%2F"
"Your Favorite Programming Language Sucks | Python For Engineers",229,1.3,,,"http://pythonforengineers.com/favorite-programming-language-sucks/","http://clicky.com/stats/visitors?site_id=100754003&date=2014-11-12,2015-02-09&href=%2Ffavorite-programming-language-sucks%2F"
"Stop struggling with Python on Windows | Python For Engineers",210,1.2,,,"http://pythonforengineers.com/stop-struggling-with-python-on-windows/","http://clicky.com/stats/visitors?site_id=100754003&date=2014-11-12,2015-02-09&href=%2Fstop-struggling-with-python-on-windows%2F"
"Forum: Python for Engineers Book |",169,0.9,,,"http://pythonforengineers.com/forum/pyengbook/","http://clicky.com/stats/visitors?site_id=100754003&date=2014-11-12,2015-02-09&href=%2Fforum%2Fpyengbook%2F"
"Python for Engineers and Scientists | Python For Engineers",157,0.9,,,"http://pythonforengineers.com/python-for-engineers-and-scientists/","http://clicky.com/stats/visitors?site_id=100754003&date=2014-11-12,2015-02-09&href=%2Fpython-for-engineers-and-scientists%2F"
"Page not found | Python For Engineers",148,0.8,,,"http://pythonforengineers.com/56-2/","http://clicky.com/stats/visitors?site_id=100754003&date=2014-11-12,2015-02-09&href=%2F56-2%2F"
"What do you mean you can’t choose between Python 2 and 3? | Python For Engineers",129,0.7,,,"http://pythonforengineers.com/what-do-you-mean-you-cant-choose-between-python-2-and-3/","http://clicky.com/stats/visitors?site_id=100754003&date=2014-11-12,2015-02-09&href=%2Fwhat-do-you-mean-you-cant-choose-between-python-2-and-3%2F"
"Svn vs Git vs Mercurial | Python For Engineers",111,0.6,,,"http://pythonforengineers.com/svn-vs-git-vs-mercurial/","http://clicky.com/stats/visitors?site_id=100754003&date=2014-11-12,2015-02-09&href=%2Fsvn-vs-git-vs-mercurial%2F"
"Level up your Python | Python For Engineers",103,0.6,,,"http://pythonforengineers.com/level-up-your-python/","http://clicky.com/stats/visitors?site_id=100754003&date=2014-11-12,2015-02-09&href=%2Flevel-up-your-python%2F"
"How to overcome mind numbing depression | Python For Engineers",98,0.5,,,"http://pythonforengineers.com/overcome-mind-numbing-depression/","http://clicky.com/stats/visitors?site_id=100754003&date=2014-11-12,2015-02-09&href=%2Fovercome-mind-numbing-depression%2F"
"Build Software Robots with Python | Python For Engineers",97,0.5,,,"http://pythonforengineers.com/build-software-robots-with-python/","http://clicky.com/stats/visitors?site_id=100754003&date=2014-11-12,2015-02-09&href=%2Fbuild-software-robots-with-python%2F"
"Web Scraping Course | Python For Engineers",87,0.5,,,"http://pythonforengineers.com/web-scraping-course/","http://clicky.com/stats/visitors?site_id=100754003&date=2014-11-12,2015-02-09&href=%2Fweb-scraping-course%2F"
"Contact | Python For Engineers",74,0.4,,,"http://pythonforengineers.com/contact/","http://clicky.com/stats/visitors?site_id=100754003&date=2014-11-12,2015-02-09&href=%2Fcontact%2F"
"3 and 1/2 ways to try Python without installing it | Python For Engineers",65,0.4,,,"http://pythonforengineers.com/3-and-12-ways-to-try-python-without-installing-it/","http://clicky.com/stats/visitors?site_id=100754003&date=2014-11-12,2015-02-09&href=%2F3-and-12-ways-to-try-python-without-installing-it%2F"
"Python vs Ruby vs Perl | Python For Engineers",56,0.3,,,"http://pythonforengineers.com/python-vs-ruby-vs-perl/","http://clicky.com/stats/visitors?site_id=100754003&date=2014-11-12,2015-02-09&href=%2Fpython-vs-ruby-vs-perl%2F"
"Stupid answers to stupid puzzle interview questions | Python For Engineers",56,0.3,,,"http://pythonforengineers.com/stupid-answers-stupid-puzzle-interview-questions/","http://clicky.com/stats/visitors?site_id=100754003&date=2014-11-12,2015-02-09&href=%2Fstupid-answers-stupid-puzzle-interview-questions%2F"
"Your first Git project on Windows using the Github GUI client | Python For Engineers",49,0.3,,,"http://pythonforengineers.com/your-first-git-project-on-windows-not-a-commandline-in-sight/","http://clicky.com/stats/visitors?site_id=100754003&date=2014-11-12,2015-02-09&href=%2Fyour-first-git-project-on-windows-not-a-commandline-in-sight%2F"
"Reddit raw data | Python For Engineers",48,0.3,,,"http://pythonforengineers.com/reddit-raw-data/","http://clicky.com/stats/visitors?site_id=100754003&date=2014-11-12,2015-02-09&href=%2Freddit-raw-data%2F"
"Topic: Typos | Python For Engineers",40,0.2,,,"http://pythonforengineers.com/topic/typos/","http://clicky.com/stats/visitors?site_id=100754003&date=2014-11-12,2015-02-09&href=%2Ftopic%2Ftypos%2F"
"Interview with Michael Herman of RealPython | Python For Engineers",38,0.2,,,"http://pythonforengineers.com/interview-michael-herman-realpython/","http://clicky.com/stats/visitors?site_id=100754003&date=2014-11-12,2015-02-09&href=%2Finterview-michael-herman-realpython%2F"
"Introduction to Web Scraping and Data Analysis | Python For Engineers",37,0.2,,,"http://pythonforengineers.com/introduction-to-web-scraping-and-data-analysis/","http://clicky.com/stats/visitors?site_id=100754003&date=2014-11-12,2015-02-09&href=%2Fintroduction-to-web-scraping-and-data-analysis%2F"
"Why your Resume/CV sucks, and what to do about it | Python For Engineers",37,0.2,,,"http://pythonforengineers.com/why-your-resume-cv-sucks/","http://clicky.com/stats/visitors?site_id=100754003&date=2014-11-12,2015-02-09&href=%2Fwhy-your-resume-cv-sucks%2F"
"Get updates | Python For Engineers",33,0.2,,,"http://pythonforengineers.com/get-updates/","http://clicky.com/stats/visitors?site_id=100754003&date=2014-11-12,2015-02-09&href=%2Fget-updates%2F"
"reddit | Search Results | Python For Engineers",33,0.2,,,"http://pythonforengineers.com/?s=reddit","http://clicky.com/stats/visitors?site_id=100754003&date=2014-11-12,2015-02-09&href=%2F%3Fs%3Dreddit"
"Topic: Installation / Library problems | Python For Engineers",31,0.2,,,"http://pythonforengineers.com/topic/installation-library-problems/","http://clicky.com/stats/visitors?site_id=100754003&date=2014-11-12,2015-02-09&href=%2Ftopic%2Finstallation-library-problems%2F"
"Topic: Virtual Machine problems |",31,0.2,,,"http://pythonforengineers.com/topic/virtual-machine-problems/","http://clicky.com/stats/visitors?site_id=100754003&date=2014-11-12,2015-02-09&href=%2Ftopic%2Fvirtual-machine-problems%2F"
"Web Scraping Course | Python For Engineers",26,0.1,,,"http://pythonforengineers.com/web-scraping-course/?ct=t%28Web_Scraping_Course_will_be_out_soon1_24_2015%29","http://clicky.com/stats/visitors?site_id=100754003&date=2014-11-12,2015-02-09&href=%2Fweb-scraping-course%2F%3Fct%3Dt%2528Web_Scraping_Course_will_be_out_soon1_24_2015%2529"
"Topic: Buggy / incomplete code | Python For Engineers",25,0.1,,,"http://pythonforengineers.com/topic/buggy-incomplete-code/","http://clicky.com/stats/visitors?site_id=100754003&date=2014-11-12,2015-02-09&href=%2Ftopic%2Fbuggy-incomplete-code%2F"
"Secret | Python For Engineers",24,0.1,,,"http://pythonforengineers.com/secret/","http://clicky.com/stats/visitors?site_id=100754003&date=2014-11-12,2015-02-09&href=%2Fsecret%2F"
"From Old Website | Python For Engineers",23,0.1,,,"http://pythonforengineers.com/from-old-website/","http://clicky.com/stats/visitors?site_id=100754003&date=2014-11-12,2015-02-09&href=%2Ffrom-old-website%2F"
"Programming languages come to dinner | Python For Engineers",17,0.1,,,"http://pythonforengineers.com/programming-languages-come-dinner/","http://clicky.com/stats/visitors?site_id=100754003&date=2014-11-12,2015-02-09&href=%2Fprogramming-languages-come-dinner%2F"
"Topic: What is the password? | Python For Engineers",15,0.1,,,"http://pythonforengineers.com/topic/what-is-the-password/","http://clicky.com/stats/visitors?site_id=100754003&date=2014-11-12,2015-02-09&href=%2Ftopic%2Fwhat-is-the-password%2F"
"Why Following Your Passion Doesn’t Work | Python For Engineers",12,0.1,,,"http://pythonforengineers.com/following-passion-doesnt-work/","http://clicky.com/stats/visitors?site_id=100754003&date=2014-11-12,2015-02-09&href=%2Ffollowing-passion-doesnt-work%2F"
"build reddit | Search Results | Python For Engineers",8,0,,,"http://pythonforengineers.com/?s=build+reddit","http://clicky.com/stats/visitors?site_id=100754003&date=2014-11-12,2015-02-09&href=%2F%3Fs%3Dbuild%2Breddit"
"Page not found | Python For Engineers",7,0,,,"http://pythonforengineers.com/build-a-reddit-bot-part-2/","http://clicky.com/stats/visitors?site_id=100754003&date=2014-11-12,2015-02-09&href=%2Fbuild-a-reddit-bot-part-2%2F"
"Why use a version control system | Python For Engineers",6,0,,,"http://pythonforengineers.com/use-version-control-system/","http://clicky.com/stats/visitors?site_id=100754003&date=2014-11-12,2015-02-09&href=%2Fuse-version-control-system%2F"
"Your Resume: A sales document, not a biography | Python For Engineers",5,0,,,"http://pythonforengineers.com/resume-sales-document-biography/","http://clicky.com/stats/visitors?site_id=100754003&date=2014-11-12,2015-02-09&href=%2Fresume-sales-document-biography%2F"
"What do you do if you break Production Code? | Python For Engineers",5,0,,,"http://pythonforengineers.com/break-production-code-what-to-do/","http://clicky.com/stats/visitors?site_id=100754003&date=2014-11-12,2015-02-09&href=%2Fbreak-production-code-what-to-do%2F"
"Forums | Python For Engineers",5,0,,,"http://pythonforengineers.com/forums/","http://clicky.com/stats/visitors?site_id=100754003&date=2014-11-12,2015-02-09&href=%2Fforums%2F"
"Scripting languages come to dinner | Python For Engineers",5,0,,,"http://pythonforengineers.com/scripting-languages-come-to-dinner/","http://clicky.com/stats/visitors?site_id=100754003&date=2014-11-12,2015-02-09&href=%2Fscripting-languages-come-to-dinner%2F"
"Web Scraping Course | Python For Engineers",4,0,,,"http://pythonforengineers.com/web-scraping-course/?ct=t%28Web_Scraping_Course_is_online1_26_2015%29&goal=0_1df662b649-b1e7df7f2a-106652585","http://clicky.com/stats/visitors?site_id=100754003&date=2014-11-12,2015-02-09&href=%2Fweb-scraping-course%2F%3Fct%3Dt%2528Web_Scraping_Course_is_online1_26_2015%2529%26goal%3D0_1df662b649-b1e7df7f2a-106652585"
"Learning to program humans | Python For Engineers",4,0,,,"http://pythonforengineers.com/learning-program-humans/","http://clicky.com/stats/visitors?site_id=100754003&date=2014-11-12,2015-02-09&href=%2Flearning-program-humans%2F"
"Rule By Committee: The best way to kill teams | Python For Engineers",4,0,,,"http://pythonforengineers.com/rule-committee-best-way-kill-teams/","http://clicky.com/stats/visitors?site_id=100754003&date=2014-11-12,2015-02-09&href=%2Frule-committee-best-way-kill-teams%2F"
"3 things every programmer must learn (and no one teaches you) | Python For Engineers",4,0,,,"http://pythonforengineers.com/3-things-every-programmer-must-learn/","http://clicky.com/stats/visitors?site_id=100754003&date=2014-11-12,2015-02-09&href=%2F3-things-every-programmer-must-learn%2F"
"You’re not special, and no one cares about you | Python For Engineers",4,0,,,"http://pythonforengineers.com/no-one-cares-about-you/","http://clicky.com/stats/visitors?site_id=100754003&date=2014-11-12,2015-02-09&href=%2Fno-one-cares-about-you%2F"
"Web Scraping Course | Python For Engineers",3,0,,,"http://pythonforengineers.com/web-scraping-course/?ct=t%28Web_Scraping_Course_is_online1_26_2015%29&goal=0_1df662b649-b1e7df7f2a-102608809","http://clicky.com/stats/visitors?site_id=100754003&date=2014-11-12,2015-02-09&href=%2Fweb-scraping-course%2F%3Fct%3Dt%2528Web_Scraping_Course_is_online1_26_2015%2529%26goal%3D0_1df662b649-b1e7df7f2a-102608809"
"One Day Programmers: Your day will never come | Python For Engineers",3,0,,,"http://pythonforengineers.com/one-day-programmers-day-will-never-come/","http://clicky.com/stats/visitors?site_id=100754003&date=2014-11-12,2015-02-09&href=%2Fone-day-programmers-day-will-never-come%2F"
"Web Scraping Course | Python For Engineers",3,0,,,"http://pythonforengineers.com/web-scraping-course/?ct=t%28Web_Scraping_Course_is_online1_26_2015%29&goal=0_1df662b649-b1e7df7f2a-103309617","http://clicky.com/stats/visitors?site_id=100754003&date=2014-11-12,2015-02-09&href=%2Fweb-scraping-course%2F%3Fct%3Dt%2528Web_Scraping_Course_is_online1_26_2015%2529%26goal%3D0_1df662b649-b1e7df7f2a-103309617"
"Web Scraping Course | Python For Engineers",2,0,,,"http://pythonforengineers.com/web-scraping-course/?ct=t%28Web_Scraping_Course_is_online1_26_2015%29&goal=0_1df662b649-b1e7df7f2a-107140309","http://clicky.com/stats/visitors?site_id=100754003&date=2014-11-12,2015-02-09&href=%2Fweb-scraping-course%2F%3Fct%3Dt%2528Web_Scraping_Course_is_online1_26_2015%2529%26goal%3D0_1df662b649-b1e7df7f2a-107140309"
"How to overcome shyness as a programmer | Python For Engineers",2,0,,,"http://pythonforengineers.com/overcome-shyness-programmer/","http://clicky.com/stats/visitors?site_id=100754003&date=2014-11-12,2015-02-09&href=%2Fovercome-shyness-programmer%2F"
"Web Scraping Course | Python For Engineers",2,0,,,"http://pythonforengineers.com/web-scraping-course/?ct=t%28Web_Scraping_Course_is_online1_26_2015%29&goal=0_1df662b649-b1e7df7f2a-107140269","http://clicky.com/stats/visitors?site_id=100754003&date=2014-11-12,2015-02-09&href=%2Fweb-scraping-course%2F%3Fct%3Dt%2528Web_Scraping_Course_is_online1_26_2015%2529%26goal%3D0_1df662b649-b1e7df7f2a-107140269"
"Web Scraping Course | Python For Engineers",2,0,,,"http://pythonforengineers.com/web-scraping-course/?ct=t%28Web_Scraping_Course_is_online1_26_2015%29&goal=0_1df662b649-b1e7df7f2a-107689925","http://clicky.com/stats/visitors?site_id=100754003&date=2014-11-12,2015-02-09&href=%2Fweb-scraping-course%2F%3Fct%3Dt%2528Web_Scraping_Course_is_online1_26_2015%2529%26goal%3D0_1df662b649-b1e7df7f2a-107689925"
"Web Scraping Course | Python For Engineers",1,0,,,"http://pythonforengineers.com/web-scraping-course/?ct=t%28Web_Scraping_Course_is_online1_26_2015%29&goal=0_1df662b649-b1e7df7f2a-104394081","http://clicky.com/stats/visitors?site_id=100754003&date=2014-11-12,2015-02-09&href=%2Fweb-scraping-course%2F%3Fct%3Dt%2528Web_Scraping_Course_is_online1_26_2015%2529%26goal%3D0_1df662b649-b1e7df7f2a-104394081"
"Web Scraping Course | Python For Engineers",1,0,,,"http://pythonforengineers.com/web-scraping-course/?ct=t%28Web_Scraping_Course_is_online1_26_2015%29&goal=0_1df662b649-b1e7df7f2a-102777025","http://clicky.com/stats/visitors?site_id=100754003&date=2014-11-12,2015-02-09&href=%2Fweb-scraping-course%2F%3Fct%3Dt%2528Web_Scraping_Course_is_online1_26_2015%2529%26goal%3D0_1df662b649-b1e7df7f2a-102777025"
"Web Scraping Course | Python For Engineers",1,0,,,"http://pythonforengineers.com/web-scraping-course/?ct=t%28Web_Scraping_Course_is_online1_26_2015%29&goal=0_1df662b649-b1e7df7f2a-102634425","http://clicky.com/stats/visitors?site_id=100754003&date=2014-11-12,2015-02-09&href=%2Fweb-scraping-course%2F%3Fct%3Dt%2528Web_Scraping_Course_is_online1_26_2015%2529%26goal%3D0_1df662b649-b1e7df7f2a-102634425"
"Web Scraping Course | Python For Engineers",1,0,,,"http://pythonforengineers.com/web-scraping-course/?ct=t%28Web_Scraping_Course_is_online1_26_2015%29&goal=0_1df662b649-b1e7df7f2a-107272789","http://clicky.com/stats/visitors?site_id=100754003&date=2014-11-12,2015-02-09&href=%2Fweb-scraping-course%2F%3Fct%3Dt%2528Web_Scraping_Course_is_online1_26_2015%2529%26goal%3D0_1df662b649-b1e7df7f2a-107272789"
"Web Scraping Course | Python For Engineers",1,0,,,"http://pythonforengineers.com/web-scraping-course/?ct=t%28Web_Scraping_Course_is_online1_26_2015%29&goal=0_1df662b649-b1e7df7f2a-102608785","http://clicky.com/stats/visitors?site_id=100754003&date=2014-11-12,2015-02-09&href=%2Fweb-scraping-course%2F%3Fct%3Dt%2528Web_Scraping_Course_is_online1_26_2015%2529%26goal%3D0_1df662b649-b1e7df7f2a-102608785"
"Web Scraping Course | Python For Engineers",1,0,,,"http://pythonforengineers.com/web-scraping-course/?ct=t%28Web_Scraping_Course_is_online1_26_2015%29&goal=0_1df662b649-b1e7df7f2a-107140249","http://clicky.com/stats/visitors?site_id=100754003&date=2014-11-12,2015-02-09&href=%2Fweb-scraping-course%2F%3Fct%3Dt%2528Web_Scraping_Course_is_online1_26_2015%2529%26goal%3D0_1df662b649-b1e7df7f2a-107140249"
"Web Scraping Course | Python For Engineers",1,0,,,"http://pythonforengineers.com/web-scraping-course/?ct=t%28Web_Scraping_Course_is_online1_26_2015%29&goal=0_1df662b649-b1e7df7f2a-104862577","http://clicky.com/stats/visitors?site_id=100754003&date=2014-11-12,2015-02-09&href=%2Fweb-scraping-course%2F%3Fct%3Dt%2528Web_Scraping_Course_is_online1_26_2015%2529%26goal%3D0_1df662b649-b1e7df7f2a-104862577"
"Web Scraping Course | Python For Engineers",1,0,,,"http://pythonforengineers.com/web-scraping-course/?ct=t%28Web_Scraping_Course_is_online1_26_2015%29&goal=0_1df662b649-b1e7df7f2a-104196421","http://clicky.com/stats/visitors?site_id=100754003&date=2014-11-12,2015-02-09&href=%2Fweb-scraping-course%2F%3Fct%3Dt%2528Web_Scraping_Course_is_online1_26_2015%2529%26goal%3D0_1df662b649-b1e7df7f2a-104196421"
"Web Scraping Course | Python For Engineers",1,0,,,"http://pythonforengineers.com/web-scraping-course/?ct=t%28Web_Scraping_Course_is_online1_26_2015%29&goal=0_1df662b649-b1e7df7f2a-107185493","http://clicky.com/stats/visitors?site_id=100754003&date=2014-11-12,2015-02-09&href=%2Fweb-scraping-course%2F%3Fct%3Dt%2528Web_Scraping_Course_is_online1_26_2015%2529%26goal%3D0_1df662b649-b1e7df7f2a-107185493"
"Web Scraping Course | Python For Engineers",1,0,,,"http://pythonforengineers.com/web-scraping-course/?ct=t%28Web_Scraping_Course_is_online1_26_2015%29&goal=0_1df662b649-b1e7df7f2a-102610529","http://clicky.com/stats/visitors?site_id=100754003&date=2014-11-12,2015-02-09&href=%2Fweb-scraping-course%2F%3Fct%3Dt%2528Web_Scraping_Course_is_online1_26_2015%2529%26goal%3D0_1df662b649-b1e7df7f2a-102610529"
"Web Scraping Course | Python For Engineers",1,0,,,"http://pythonforengineers.com/web-scraping-course/?ct=t%28Web_Scraping_Course_is_online1_26_2015%29&goal=0_1df662b649-b1e7df7f2a-102673377","http://clicky.com/stats/visitors?site_id=100754003&date=2014-11-12,2015-02-09&href=%2Fweb-scraping-course%2F%3Fct%3Dt%2528Web_Scraping_Course_is_online1_26_2015%2529%26goal%3D0_1df662b649-b1e7df7f2a-102673377"
"Web Scraping Course | Python For Engineers",1,0,,,"http://pythonforengineers.com/web-scraping-course/?ct=t%28Web_Scraping_Course_is_online1_26_2015%29&goal=0_1df662b649-b1e7df7f2a-104863957","http://clicky.com/stats/visitors?site_id=100754003&date=2014-11-12,2015-02-09&href=%2Fweb-scraping-course%2F%3Fct%3Dt%2528Web_Scraping_Course_is_online1_26_2015%2529%26goal%3D0_1df662b649-b1e7df7f2a-104863957"
"Web Scraping Course | Python For Engineers",1,0,,,"http://pythonforengineers.com/web-scraping-course/?ct=t%28Web_Scraping_Course_is_online1_26_2015%29&goal=0_1df662b649-b1e7df7f2a-108089381","http://clicky.com/stats/visitors?site_id=100754003&date=2014-11-12,2015-02-09&href=%2Fweb-scraping-course%2F%3Fct%3Dt%2528Web_Scraping_Course_is_online1_26_2015%2529%26goal%3D0_1df662b649-b1e7df7f2a-108089381"
"Web Scraping Course | Python For Engineers",1,0,,,"http://pythonforengineers.com/web-scraping-course/?ct=t%28Web_Scraping_Course_is_online1_26_2015%29&goal=0_1df662b649-b1e7df7f2a-105166405","http://clicky.com/stats/visitors?site_id=100754003&date=2014-11-12,2015-02-09&href=%2Fweb-scraping-course%2F%3Fct%3Dt%2528Web_Scraping_Course_is_online1_26_2015%2529%26goal%3D0_1df662b649-b1e7df7f2a-105166405"
"Web Scraping Course | Python For Engineers",1,0,,,"http://pythonforengineers.com/web-scraping-course/?ct=t%28Web_Scraping_Course_is_online1_26_2015%29&goal=0_1df662b649-b1e7df7f2a-102622757","http://clicky.com/stats/visitors?site_id=100754003&date=2014-11-12,2015-02-09&href=%2Fweb-scraping-course%2F%3Fct%3Dt%2528Web_Scraping_Course_is_online1_26_2015%2529%26goal%3D0_1df662b649-b1e7df7f2a-102622757"
"Web Scraping Course | Python For Engineers",1,0,,,"http://pythonforengineers.com/web-scraping-course/?ct=t%28Web_Scraping_Course_is_online1_26_2015%29&goal=0_1df662b649-b1e7df7f2a-107140741","http://clicky.com/stats/visitors?site_id=100754003&date=2014-11-12,2015-02-09&href=%2Fweb-scraping-course%2F%3Fct%3Dt%2528Web_Scraping_Course_is_online1_26_2015%2529%26goal%3D0_1df662b649-b1e7df7f2a-107140741"
"Web Scraping Course | Python For Engineers",1,0,,,"http://pythonforengineers.com/web-scraping-course/?ct=t%28Web_Scraping_Course_is_online1_26_2015%29&goal=0_1df662b649-b1e7df7f2a-103738613","http://clicky.com/stats/visitors?site_id=100754003&date=2014-11-12,2015-02-09&href=%2Fweb-scraping-course%2F%3Fct%3Dt%2528Web_Scraping_Course_is_online1_26_2015%2529%26goal%3D0_1df662b649-b1e7df7f2a-103738613"
"Web Scraping Course | Python For Engineers",1,0,,,"http://pythonforengineers.com/web-scraping-course/?ct=t%28Web_Scraping_Course_is_online1_26_2015%29&goal=0_1df662b649-b1e7df7f2a-103569241","http://clicky.com/stats/visitors?site_id=100754003&date=2014-11-12,2015-02-09&href=%2Fweb-scraping-course%2F%3Fct%3Dt%2528Web_Scraping_Course_is_online1_26_2015%2529%26goal%3D0_1df662b649-b1e7df7f2a-103569241"
"Web Scraping Course | Python For Engineers",1,0,,,"http://pythonforengineers.com/web-scraping-course/?ct=t%28Web_Scraping_Course_is_online1_26_2015%29&goal=0_1df662b649-b1e7df7f2a-102608725","http://clicky.com/stats/visitors?site_id=100754003&date=2014-11-12,2015-02-09&href=%2Fweb-scraping-course%2F%3Fct%3Dt%2528Web_Scraping_Course_is_online1_26_2015%2529%26goal%3D0_1df662b649-b1e7df7f2a-102608725"
"Web Scraping Course | Python For Engineers",1,0,,,"http://pythonforengineers.com/web-scraping-course/?ct=t%28Web_Scraping_Course_is_online1_26_2015%29&goal=0_1df662b649-b1e7df7f2a-105294385","http://clicky.com/stats/visitors?site_id=100754003&date=2014-11-12,2015-02-09&href=%2Fweb-scraping-course%2F%3Fct%3Dt%2528Web_Scraping_Course_is_online1_26_2015%2529%26goal%3D0_1df662b649-b1e7df7f2a-105294385"
"Which language should you choose for web development? | Python For Engineers",1,0,,,"http://pythonforengineers.com/which-language-should-you-choose-for-web-development/","http://clicky.com/stats/visitors?site_id=100754003&date=2014-11-12,2015-02-09&href=%2Fwhich-language-should-you-choose-for-web-development%2F"
"python | Search Results | Python For Engineers",1,0,,,"http://pythonforengineers.com/?s=python","http://clicky.com/stats/visitors?site_id=100754003&date=2014-11-12,2015-02-09&href=%2F%3Fs%3Dpython"
"Templates in Flask | Python For Engineers",1,0,,,"http://pythonforengineers.com/templates-flask-python/","http://clicky.com/stats/visitors?site_id=100754003&date=2014-11-12,2015-02-09&href=%2Ftemplates-flask-python%2F"
"Page not found | Python For Engineers",1,0,,,"http://pythonforengineers.com/3-and-12-ways-to-try-python-without-installing-it/www.trypython.org/","http://clicky.com/stats/visitors?site_id=100754003&date=2014-11-12,2015-02-09&href=%2F3-and-12-ways-to-try-python-without-installing-it%2Fwww.trypython.org%2F"
"Shantnu's Topics |",1,0,,,"http://pythonforengineers.com/users/shantnu/topics/","http://clicky.com/stats/visitors?site_id=100754003&date=2014-11-12,2015-02-09&href=%2Fusers%2Fshantnu%2Ftopics%2F"
"Page not found | Python For Engineers",1,0,,,"http://pythonforengineers.com/notified-LAC_Compliance","http://clicky.com/stats/visitors?site_id=100754003&date=2014-11-12,2015-02-09&href=%2Fnotified-LAC_Compliance"
"Book | Search Results | Python For Engineers",1,0,,,"http://pythonforengineers.com/?s=Book","http://clicky.com/stats/visitors?site_id=100754003&date=2014-11-12,2015-02-09&href=%2F%3Fs%3DBook"
"Pretty up your blog | Python For Engineers",1,0,,,"http://pythonforengineers.com/pretty-blog/","http://clicky.com/stats/visitors?site_id=100754003&date=2014-11-12,2015-02-09&href=%2Fpretty-blog%2F"
"Build a Reddit Bot | Search Results | Python For Engineers",1,0,,,"http://pythonforengineers.com/?s=Build+a+Reddit+Bot","http://clicky.com/stats/visitors?site_id=100754003&date=2014-11-12,2015-02-09&href=%2F%3Fs%3DBuild%2Ba%2BReddit%2BBot"
"Page not found | Python For Engineers",1,0,,,"http://pythonforengineers.com/accepted-Speed_Bump","http://clicky.com/stats/visitors?site_id=100754003&date=2014-11-12,2015-02-09&href=%2Faccepted-Speed_Bump"
"Python For Engineers",1,0,,,"http://pythonforengineers.com/?s","http://clicky.com/stats/visitors?site_id=100754003&date=2014-11-12,2015-02-09&href=%2F%3Fs"
"Web Scraping Course | Python For Engineers",1,0,,,"http://pythonforengineers.com/web-scraping-course/?ct=t%28Web_Scraping_Course_is_online1_26_2015%29&goal=0_1df662b649-b1e7df7f2a-104445805","http://clicky.com/stats/visitors?site_id=100754003&date=2014-11-12,2015-02-09&href=%2Fweb-scraping-course%2F%3Fct%3Dt%2528Web_Scraping_Course_is_online1_26_2015%2529%26goal%3D0_1df662b649-b1e7df7f2a-104445805"
"Stop Being the Hamster! | Python For Engineers",1,0,,,"http://pythonforengineers.com/stop-hamster/","http://clicky.com/stats/visitors?site_id=100754003&date=2014-11-12,2015-02-09&href=%2Fstop-hamster%2F"
"Web Scraping Course | Python For Engineers",1,0,,,"http://pythonforengineers.com/web-scraping-course/?ct=t%28Web_Scraping_Course_is_online1_26_2015%29&goal=0_1df662b649-b1e7df7f2a-102616853","http://clicky.com/stats/visitors?site_id=100754003&date=2014-11-12,2015-02-09&href=%2Fweb-scraping-course%2F%3Fct%3Dt%2528Web_Scraping_Course_is_online1_26_2015%2529%26goal%3D0_1df662b649-b1e7df7f2a-102616853"
"Web Scraping Course | Python For Engineers",1,0,,,"http://pythonforengineers.com/web-scraping-course/?ct=t%28Web_Scraping_Course_is_online1_26_2015%29&goal=0_1df662b649-b1e7df7f2a-104498589","http://clicky.com/stats/visitors?site_id=100754003&date=2014-11-12,2015-02-09&href=%2Fweb-scraping-course%2F%3Fct%3Dt%2528Web_Scraping_Course_is_online1_26_2015%2529%26goal%3D0_1df662b649-b1e7df7f2a-104498589"
"Web Scraping Course | Python For Engineers",1,0,,,"http://pythonforengineers.com/web-scraping-course/?ct=t%28Web_Scraping_Course_is_online1_26_2015%29&goal=0_1df662b649-b1e7df7f2a-102782761","http://clicky.com/stats/visitors?site_id=100754003&date=2014-11-12,2015-02-09&href=%2Fweb-scraping-course%2F%3Fct%3Dt%2528Web_Scraping_Course_is_online1_26_2015%2529%26goal%3D0_1df662b649-b1e7df7f2a-102782761"
"Web Scraping Course | Python For Engineers",1,0,,,"http://pythonforengineers.com/web-scraping-course/?ct=t%28Web_Scraping_Course_is_online1_26_2015%29&goal=0_1df662b649-b1e7df7f2a-104237689","http://clicky.com/stats/visitors?site_id=100754003&date=2014-11-12,2015-02-09&href=%2Fweb-scraping-course%2F%3Fct%3Dt%2528Web_Scraping_Course_is_online1_26_2015%2529%26goal%3D0_1df662b649-b1e7df7f2a-104237689"
"Web Scraping Course | Python For Engineers",1,0,,,"http://pythonforengineers.com/web-scraping-course/?ct=t%28Web_Scraping_Course_is_online1_26_2015%29&goal=0_1df662b649-b1e7df7f2a-105787429","http://clicky.com/stats/visitors?site_id=100754003&date=2014-11-12,2015-02-09&href=%2Fweb-scraping-course%2F%3Fct%3Dt%2528Web_Scraping_Course_is_online1_26_2015%2529%26goal%3D0_1df662b649-b1e7df7f2a-105787429"
"Build a Reddit Bot Part 1 | Python For Engineers",1,0,,,"http://pythonforengineers.com/build-a-reddit-bot-part-1/?json","http://clicky.com/stats/visitors?site_id=100754003&date=2014-11-12,2015-02-09&href=%2Fbuild-a-reddit-bot-part-1%2F%3Fjson"
"vagrant | Search Results | Python For Engineers",1,0,,,"http://pythonforengineers.com/?s=vagrant","http://clicky.com/stats/visitors?site_id=100754003&date=2014-11-12,2015-02-09&href=%2F%3Fs%3Dvagrant"
"Shantnu | Python For Engineers",1,0,,,"http://pythonforengineers.com/author/shantnu/","http://clicky.com/stats/visitors?site_id=100754003&date=2014-11-12,2015-02-09&href=%2Fauthor%2Fshantnu%2F"
"Page not found | Python For Engineers",1,0,,,"http://pythonforengineers.com/2015/01/26/","http://clicky.com/stats/visitors?site_id=100754003&date=2014-11-12,2015-02-09&href=%2F2015%2F01%2F26%2F"
"Web Scraping Course | Python For Engineers",1,0,,,"http://pythonforengineers.com/web-scraping-course/?ct=t%28Web_Scraping_Course_is_online1_26_2015%29&goal=0_1df662b649-b1e7df7f2a-106654585","http://clicky.com/stats/visitors?site_id=100754003&date=2014-11-12,2015-02-09&href=%2Fweb-scraping-course%2F%3Fct%3Dt%2528Web_Scraping_Course_is_online1_26_2015%2529%26goal%3D0_1df662b649-b1e7df7f2a-106654585"
"Web Scraping Course | Python For Engineers",1,0,,,"http://pythonforengineers.com/web-scraping-course/?ct=t%28Web_Scraping_Course_is_online1_26_2015%29&goal=0_1df662b649-b1e7df7f2a-104855133","http://clicky.com/stats/visitors?site_id=100754003&date=2014-11-12,2015-02-09&href=%2Fweb-scraping-course%2F%3Fct%3Dt%2528Web_Scraping_Course_is_online1_26_2015%2529%26goal%3D0_1df662b649-b1e7df7f2a-104855133"

