﻿
#####
##### LINKS-DOMAINS
#####

"# 2014-11-12,2015-02-09"
Item,Value,Value Percent,Conversions,Conversion Percent,URL,Stats URL
"reddit.com",4592,76.3,,,"","http://clicky.com/stats/visitors?site_id=100754003&date=2014-11-12,2015-02-09&domain=reddit.com"
"news.ycombinator.com",290,4.8,,,"","http://clicky.com/stats/visitors?site_id=100754003&date=2014-11-12,2015-02-09&domain=news.ycombinator.com"
"facebook.com",278,4.6,,,"","http://clicky.com/stats/visitors?site_id=100754003&date=2014-11-12,2015-02-09&domain=facebook.com"
"t.co",196,3.3,,,"","http://clicky.com/stats/visitors?site_id=100754003&date=2014-11-12,2015-02-09&domain=t.co"
"lobste.rs",114,1.9,,,"","http://clicky.com/stats/visitors?site_id=100754003&date=2014-11-12,2015-02-09&domain=lobste.rs"
"pythondigest.ru",107,1.8,,,"","http://clicky.com/stats/visitors?site_id=100754003&date=2014-11-12,2015-02-09&domain=pythondigest.ru"
"feedly.com",33,0.5,,,"","http://clicky.com/stats/visitors?site_id=100754003&date=2014-11-12,2015-02-09&domain=feedly.com"
"importpython.com",33,0.5,,,"","http://clicky.com/stats/visitors?site_id=100754003&date=2014-11-12,2015-02-09&domain=importpython.com"
"pythonforengineers.us5.list-manage1.com",31,0.5,,,"","http://clicky.com/stats/visitors?site_id=100754003&date=2014-11-12,2015-02-09&domain=pythonforengineers.us5.list-manage1.com"
"getprismatic.com",29,0.5,,,"","http://clicky.com/stats/visitors?site_id=100754003&date=2014-11-12,2015-02-09&domain=getprismatic.com"
"pythonforengineers.us5.list-manage.com",29,0.5,,,"","http://clicky.com/stats/visitors?site_id=100754003&date=2014-11-12,2015-02-09&domain=pythonforengineers.us5.list-manage.com"
"habrahabr.ru",26,0.4,,,"","http://clicky.com/stats/visitors?site_id=100754003&date=2014-11-12,2015-02-09&domain=habrahabr.ru"
"vk.com",26,0.4,,,"","http://clicky.com/stats/visitors?site_id=100754003&date=2014-11-12,2015-02-09&domain=vk.com"
"digg.com",22,0.4,,,"","http://clicky.com/stats/visitors?site_id=100754003&date=2014-11-12,2015-02-09&domain=digg.com"
"forum.micropython.org",17,0.3,,,"","http://clicky.com/stats/visitors?site_id=100754003&date=2014-11-12,2015-02-09&domain=forum.micropython.org"
"pyskool.com",16,0.3,,,"","http://clicky.com/stats/visitors?site_id=100754003&date=2014-11-12,2015-02-09&domain=pyskool.com"
"i.reddit.com",14,0.2,,,"","http://clicky.com/stats/visitors?site_id=100754003&date=2014-11-12,2015-02-09&domain=i.reddit.com"
"shantnutiwari.us5.list-manage.com",13,0.2,,,"","http://clicky.com/stats/visitors?site_id=100754003&date=2014-11-12,2015-02-09&domain=shantnutiwari.us5.list-manage.com"
"usepanda.com",10,0.2,,,"","http://clicky.com/stats/visitors?site_id=100754003&date=2014-11-12,2015-02-09&domain=usepanda.com"
"flipboard.com",9,0.1,,,"","http://clicky.com/stats/visitors?site_id=100754003&date=2014-11-12,2015-02-09&domain=flipboard.com"
"discuss.bootstrapped.fm",9,0.1,,,"","http://clicky.com/stats/visitors?site_id=100754003&date=2014-11-12,2015-02-09&domain=discuss.bootstrapped.fm"
"getpocket.com",8,0.1,,,"","http://clicky.com/stats/visitors?site_id=100754003&date=2014-11-12,2015-02-09&domain=getpocket.com"
"newsblur.com",7,0.1,,,"","http://clicky.com/stats/visitors?site_id=100754003&date=2014-11-12,2015-02-09&domain=newsblur.com"
"m.habrahabr.ru",6,0.1,,,"","http://clicky.com/stats/visitors?site_id=100754003&date=2014-11-12,2015-02-09&domain=m.habrahabr.ru"
"np.reddit.com",6,0.1,,,"","http://clicky.com/stats/visitors?site_id=100754003&date=2014-11-12,2015-02-09&domain=np.reddit.com"
"pay.reddit.com",5,0.1,,,"","http://clicky.com/stats/visitors?site_id=100754003&date=2014-11-12,2015-02-09&domain=pay.reddit.com"
"hackerqueue.io",5,0.1,,,"","http://clicky.com/stats/visitors?site_id=100754003&date=2014-11-12,2015-02-09&domain=hackerqueue.io"
"inoreader.com",5,0.1,,,"","http://clicky.com/stats/visitors?site_id=100754003&date=2014-11-12,2015-02-09&domain=inoreader.com"
"m.reddit.com",4,0.1,,,"","http://clicky.com/stats/visitors?site_id=100754003&date=2014-11-12,2015-02-09&domain=m.reddit.com"
"de.reddit.com",4,0.1,,,"","http://clicky.com/stats/visitors?site_id=100754003&date=2014-11-12,2015-02-09&domain=de.reddit.com"
"localhost:17000",4,0.1,,,"","http://clicky.com/stats/visitors?site_id=100754003&date=2014-11-12,2015-02-09&domain=localhost:17000"
"plus.google.com",4,0.1,,,"","http://clicky.com/stats/visitors?site_id=100754003&date=2014-11-12,2015-02-09&domain=plus.google.com"
"pythonforengineers.us5.list-manage2.com",4,0.1,,,"","http://clicky.com/stats/visitors?site_id=100754003&date=2014-11-12,2015-02-09&domain=pythonforengineers.us5.list-manage2.com"
"netvibes.com",4,0.1,,,"","http://clicky.com/stats/visitors?site_id=100754003&date=2014-11-12,2015-02-09&domain=netvibes.com"
"dzone.com",4,0.1,,,"","http://clicky.com/stats/visitors?site_id=100754003&date=2014-11-12,2015-02-09&domain=dzone.com"
"gigazine.net",3,0,,,"","http://clicky.com/stats/visitors?site_id=100754003&date=2014-11-12,2015-02-09&domain=gigazine.net"
"m.vk.com",3,0,,,"","http://clicky.com/stats/visitors?site_id=100754003&date=2014-11-12,2015-02-09&domain=m.vk.com"
"linkedin.com",3,0,,,"","http://clicky.com/stats/visitors?site_id=100754003&date=2014-11-12,2015-02-09&domain=linkedin.com"
"pt.reddit.com",2,0,,,"","http://clicky.com/stats/visitors?site_id=100754003&date=2014-11-12,2015-02-09&domain=pt.reddit.com"
"yahoo.com",2,0,,,"","http://clicky.com/stats/visitors?site_id=100754003&date=2014-11-12,2015-02-09&domain=yahoo.com"
"popurls.com",2,0,,,"","http://clicky.com/stats/visitors?site_id=100754003&date=2014-11-12,2015-02-09&domain=popurls.com"
"mail.naver.com",2,0,,,"","http://clicky.com/stats/visitors?site_id=100754003&date=2014-11-12,2015-02-09&domain=mail.naver.com"
"pl.reddit.com",2,0,,,"","http://clicky.com/stats/visitors?site_id=100754003&date=2014-11-12,2015-02-09&domain=pl.reddit.com"
"pulse.me",2,0,,,"","http://clicky.com/stats/visitors?site_id=100754003&date=2014-11-12,2015-02-09&domain=pulse.me"
"pythonhackers.com",2,0,,,"","http://clicky.com/stats/visitors?site_id=100754003&date=2014-11-12,2015-02-09&domain=pythonhackers.com"
"tech-parser.herokuapp.com",1,0,,,"","http://clicky.com/stats/visitors?site_id=100754003&date=2014-11-12,2015-02-09&domain=tech-parser.herokuapp.com"
"lnkd.in",1,0,,,"","http://clicky.com/stats/visitors?site_id=100754003&date=2014-11-12,2015-02-09&domain=lnkd.in"
"csdn.net",1,0,,,"","http://clicky.com/stats/visitors?site_id=100754003&date=2014-11-12,2015-02-09&domain=csdn.net"
"programmerunemployed.blogspot.com",1,0,,,"","http://clicky.com/stats/visitors?site_id=100754003&date=2014-11-12,2015-02-09&domain=programmerunemployed.blogspot.com"
"boot.lv",1,0,,,"","http://clicky.com/stats/visitors?site_id=100754003&date=2014-11-12,2015-02-09&domain=boot.lv"
"jimmyr.com",1,0,,,"","http://clicky.com/stats/visitors?site_id=100754003&date=2014-11-12,2015-02-09&domain=jimmyr.com"
"no.reddit.com",1,0,,,"","http://clicky.com/stats/visitors?site_id=100754003&date=2014-11-12,2015-02-09&domain=no.reddit.com"
"m.csdn.net",1,0,,,"","http://clicky.com/stats/visitors?site_id=100754003&date=2014-11-12,2015-02-09&domain=m.csdn.net"
"python.cx",1,0,,,"","http://clicky.com/stats/visitors?site_id=100754003&date=2014-11-12,2015-02-09&domain=python.cx"
"my.reddit.com",1,0,,,"","http://clicky.com/stats/visitors?site_id=100754003&date=2014-11-12,2015-02-09&domain=my.reddit.com"
"coven.link",1,0,,,"","http://clicky.com/stats/visitors?site_id=100754003&date=2014-11-12,2015-02-09&domain=coven.link"
"developer.51cto.com",1,0,,,"","http://clicky.com/stats/visitors?site_id=100754003&date=2014-11-12,2015-02-09&domain=developer.51cto.com"
"mind-feeder.herokuapp.com",1,0,,,"","http://clicky.com/stats/visitors?site_id=100754003&date=2014-11-12,2015-02-09&domain=mind-feeder.herokuapp.com"
"hanrss.com",1,0,,,"","http://clicky.com/stats/visitors?site_id=100754003&date=2014-11-12,2015-02-09&domain=hanrss.com"
"127.0.0.1:8888",1,0,,,"","http://clicky.com/stats/visitors?site_id=100754003&date=2014-11-12,2015-02-09&domain=127.0.0.1:8888"
"linux.cn",1,0,,,"","http://clicky.com/stats/visitors?site_id=100754003&date=2014-11-12,2015-02-09&domain=linux.cn"
"autosearch.centurylink.com",1,0,,,"","http://clicky.com/stats/visitors?site_id=100754003&date=2014-11-12,2015-02-09&domain=autosearch.centurylink.com"
"freshnews.org",1,0,,,"","http://clicky.com/stats/visitors?site_id=100754003&date=2014-11-12,2015-02-09&domain=freshnews.org"
"theoldreader.com",1,0,,,"","http://clicky.com/stats/visitors?site_id=100754003&date=2014-11-12,2015-02-09&domain=theoldreader.com"
"nl.reddit.com",1,0,,,"","http://clicky.com/stats/visitors?site_id=100754003&date=2014-11-12,2015-02-09&domain=nl.reddit.com"
"reader.pcsg.de:4001",1,0,,,"","http://clicky.com/stats/visitors?site_id=100754003&date=2014-11-12,2015-02-09&domain=reader.pcsg.de:4001"
"ssl.reddit.com",1,0,,,"","http://clicky.com/stats/visitors?site_id=100754003&date=2014-11-12,2015-02-09&domain=ssl.reddit.com"
"bealector.com",1,0,,,"","http://clicky.com/stats/visitors?site_id=100754003&date=2014-11-12,2015-02-09&domain=bealector.com"
"10.107.84.66:15871",1,0,,,"","http://clicky.com/stats/visitors?site_id=100754003&date=2014-11-12,2015-02-09&domain=10.107.84.66:15871"
"sweet.io",1,0,,,"","http://clicky.com/stats/visitors?site_id=100754003&date=2014-11-12,2015-02-09&domain=sweet.io"
"b.skinnyboystudios.com",1,0,,,"","http://clicky.com/stats/visitors?site_id=100754003&date=2014-11-12,2015-02-09&domain=b.skinnyboystudios.com"
"preview.getprismatic.com",1,0,,,"","http://clicky.com/stats/visitors?site_id=100754003&date=2014-11-12,2015-02-09&domain=preview.getprismatic.com"
"fr.reddit.com",1,0,,,"","http://clicky.com/stats/visitors?site_id=100754003&date=2014-11-12,2015-02-09&domain=fr.reddit.com"
"pinterest.com",1,0,,,"","http://clicky.com/stats/visitors?site_id=100754003&date=2014-11-12,2015-02-09&domain=pinterest.com"
"realpython.com",1,0,,,"","http://clicky.com/stats/visitors?site_id=100754003&date=2014-11-12,2015-02-09&domain=realpython.com"
"cnblogs.com",1,0,,,"","http://clicky.com/stats/visitors?site_id=100754003&date=2014-11-12,2015-02-09&domain=cnblogs.com"
"webmail.topaz.synacor.com",1,0,,,"","http://clicky.com/stats/visitors?site_id=100754003&date=2014-11-12,2015-02-09&domain=webmail.topaz.synacor.com"
"it.reddit.com",1,0,,,"","http://clicky.com/stats/visitors?site_id=100754003&date=2014-11-12,2015-02-09&domain=it.reddit.com"

