﻿
#####
##### WEB-BROWSERS
#####

"# 2014-11-12,2015-02-09"
Item,Value,Value Percent,Conversions,Conversion Percent,URL,Stats URL
"Google Chrome 39.0",3098,24.7,,,"","http://clicky.com/stats/visitors?site_id=100754003&date=2014-11-12,2015-02-09&browser=Google+Chrome+39.0"
"Google Chrome 38.0",1842,14.7,,,"","http://clicky.com/stats/visitors?site_id=100754003&date=2014-11-12,2015-02-09&browser=Google+Chrome+38.0"
"Firefox 33.0",772,6.2,,,"","http://clicky.com/stats/visitors?site_id=100754003&date=2014-11-12,2015-02-09&browser=Firefox+33.0"
"Google Chrome 40.0",589,4.7,,,"","http://clicky.com/stats/visitors?site_id=100754003&date=2014-11-12,2015-02-09&browser=Google+Chrome+40.0"
"Unknown mobile",588,4.7,,,"","http://clicky.com/stats/visitors?site_id=100754003&date=2014-11-12,2015-02-09&browser=Unknown+mobile"
"Firefox 34.0",546,4.4,,,"","http://clicky.com/stats/visitors?site_id=100754003&date=2014-11-12,2015-02-09&browser=Firefox+34.0"
"Firefox 35.0",544,4.3,,,"","http://clicky.com/stats/visitors?site_id=100754003&date=2014-11-12,2015-02-09&browser=Firefox+35.0"
"Google Chrome 39.0 mobile",512,4.1,,,"","http://clicky.com/stats/visitors?site_id=100754003&date=2014-11-12,2015-02-09&browser=Google+Chrome+39.0+mobile"
"Google Chrome 33.0 mobile",491,3.9,,,"","http://clicky.com/stats/visitors?site_id=100754003&date=2014-11-12,2015-02-09&browser=Google+Chrome+33.0+mobile"
"Safari 8.0 mobile",399,3.2,,,"","http://clicky.com/stats/visitors?site_id=100754003&date=2014-11-12,2015-02-09&browser=Safari+8.0+mobile"
"Safari 8.0",395,3.2,,,"","http://clicky.com/stats/visitors?site_id=100754003&date=2014-11-12,2015-02-09&browser=Safari+8.0"
"Google Chrome 30.0 mobile",287,2.3,,,"","http://clicky.com/stats/visitors?site_id=100754003&date=2014-11-12,2015-02-09&browser=Google+Chrome+30.0+mobile"
"Google Chrome 37.0 mobile",222,1.8,,,"","http://clicky.com/stats/visitors?site_id=100754003&date=2014-11-12,2015-02-09&browser=Google+Chrome+37.0+mobile"
"Safari 4.0 mobile",201,1.6,,,"","http://clicky.com/stats/visitors?site_id=100754003&date=2014-11-12,2015-02-09&browser=Safari+4.0+mobile"
"Safari 7.0 mobile",154,1.2,,,"","http://clicky.com/stats/visitors?site_id=100754003&date=2014-11-12,2015-02-09&browser=Safari+7.0+mobile"
"Google Chrome 37.0",135,1.1,,,"","http://clicky.com/stats/visitors?site_id=100754003&date=2014-11-12,2015-02-09&browser=Google+Chrome+37.0"
"Safari 6.0 mobile",127,1,,,"","http://clicky.com/stats/visitors?site_id=100754003&date=2014-11-12,2015-02-09&browser=Safari+6.0+mobile"
"Internet Explorer 11.0",125,1,,,"","http://clicky.com/stats/visitors?site_id=100754003&date=2014-11-12,2015-02-09&browser=Internet+Explorer+11.0"
"Firefox 31.0",124,1,,,"","http://clicky.com/stats/visitors?site_id=100754003&date=2014-11-12,2015-02-09&browser=Firefox+31.0"
"Google Chrome 38.0 mobile",114,0.9,,,"","http://clicky.com/stats/visitors?site_id=100754003&date=2014-11-12,2015-02-09&browser=Google+Chrome+38.0+mobile"
"Safari 7.1",102,0.8,,,"","http://clicky.com/stats/visitors?site_id=100754003&date=2014-11-12,2015-02-09&browser=Safari+7.1"
"Google Chrome 40.0 mobile",77,0.6,,,"","http://clicky.com/stats/visitors?site_id=100754003&date=2014-11-12,2015-02-09&browser=Google+Chrome+40.0+mobile"
"Google Chrome 41.0",53,0.4,,,"","http://clicky.com/stats/visitors?site_id=100754003&date=2014-11-12,2015-02-09&browser=Google+Chrome+41.0"
"Firefox 32.0",53,0.4,,,"","http://clicky.com/stats/visitors?site_id=100754003&date=2014-11-12,2015-02-09&browser=Firefox+32.0"
"Opera 26.0",51,0.4,,,"","http://clicky.com/stats/visitors?site_id=100754003&date=2014-11-12,2015-02-09&browser=Opera+26.0"
"Internet Explorer 9.0",47,0.4,,,"","http://clicky.com/stats/visitors?site_id=100754003&date=2014-11-12,2015-02-09&browser=Internet+Explorer+9.0"
"Internet Explorer 10.0 mobile",40,0.3,,,"","http://clicky.com/stats/visitors?site_id=100754003&date=2014-11-12,2015-02-09&browser=Internet+Explorer+10.0+mobile"
"Internet Explorer 8.0",38,0.3,,,"","http://clicky.com/stats/visitors?site_id=100754003&date=2014-11-12,2015-02-09&browser=Internet+Explorer+8.0"
"Google Chrome 34.0",38,0.3,,,"","http://clicky.com/stats/visitors?site_id=100754003&date=2014-11-12,2015-02-09&browser=Google+Chrome+34.0"
"Google Chrome 28.0 mobile",37,0.3,,,"","http://clicky.com/stats/visitors?site_id=100754003&date=2014-11-12,2015-02-09&browser=Google+Chrome+28.0+mobile"
"Google Chrome 31.0",36,0.3,,,"","http://clicky.com/stats/visitors?site_id=100754003&date=2014-11-12,2015-02-09&browser=Google+Chrome+31.0"
"Safari 7.0",36,0.3,,,"","http://clicky.com/stats/visitors?site_id=100754003&date=2014-11-12,2015-02-09&browser=Safari+7.0"
"Google Chrome 35.0",34,0.3,,,"","http://clicky.com/stats/visitors?site_id=100754003&date=2014-11-12,2015-02-09&browser=Google+Chrome+35.0"
"Google Chrome 36.0",32,0.3,,,"","http://clicky.com/stats/visitors?site_id=100754003&date=2014-11-12,2015-02-09&browser=Google+Chrome+36.0"
"Internet Explorer 10.0",27,0.2,,,"","http://clicky.com/stats/visitors?site_id=100754003&date=2014-11-12,2015-02-09&browser=Internet+Explorer+10.0"
"Firefox 30.0",25,0.2,,,"","http://clicky.com/stats/visitors?site_id=100754003&date=2014-11-12,2015-02-09&browser=Firefox+30.0"
"Firefox 36.0",25,0.2,,,"","http://clicky.com/stats/visitors?site_id=100754003&date=2014-11-12,2015-02-09&browser=Firefox+36.0"
"Google Chrome 18.0",24,0.2,,,"","http://clicky.com/stats/visitors?site_id=100754003&date=2014-11-12,2015-02-09&browser=Google+Chrome+18.0"
"Safari 5.0 mobile",23,0.2,,,"","http://clicky.com/stats/visitors?site_id=100754003&date=2014-11-12,2015-02-09&browser=Safari+5.0+mobile"
"Firefox 34.0 mobile",22,0.2,,,"","http://clicky.com/stats/visitors?site_id=100754003&date=2014-11-12,2015-02-09&browser=Firefox+34.0+mobile"
"Opera 11.1 mobile",21,0.2,,,"","http://clicky.com/stats/visitors?site_id=100754003&date=2014-11-12,2015-02-09&browser=Opera+11.1+mobile"
"Opera 12.1",19,0.2,,,"","http://clicky.com/stats/visitors?site_id=100754003&date=2014-11-12,2015-02-09&browser=Opera+12.1"
"Firefox 33.0 mobile",19,0.2,,,"","http://clicky.com/stats/visitors?site_id=100754003&date=2014-11-12,2015-02-09&browser=Firefox+33.0+mobile"
"Firefox 24.0",18,0.1,,,"","http://clicky.com/stats/visitors?site_id=100754003&date=2014-11-12,2015-02-09&browser=Firefox+24.0"
"Firefox 28.0",18,0.1,,,"","http://clicky.com/stats/visitors?site_id=100754003&date=2014-11-12,2015-02-09&browser=Firefox+28.0"
"Google Chrome 33.0",16,0.1,,,"","http://clicky.com/stats/visitors?site_id=100754003&date=2014-11-12,2015-02-09&browser=Google+Chrome+33.0"
"Firefox 35.0 mobile",15,0.1,,,"","http://clicky.com/stats/visitors?site_id=100754003&date=2014-11-12,2015-02-09&browser=Firefox+35.0+mobile"
"Internet Explorer 11.0 mobile",13,0.1,,,"","http://clicky.com/stats/visitors?site_id=100754003&date=2014-11-12,2015-02-09&browser=Internet+Explorer+11.0+mobile"
"Opera 25.0",12,0.1,,,"","http://clicky.com/stats/visitors?site_id=100754003&date=2014-11-12,2015-02-09&browser=Opera+25.0"
"Safari 5.1 mobile",12,0.1,,,"","http://clicky.com/stats/visitors?site_id=100754003&date=2014-11-12,2015-02-09&browser=Safari+5.1+mobile"
"Safari 6.1",12,0.1,,,"","http://clicky.com/stats/visitors?site_id=100754003&date=2014-11-12,2015-02-09&browser=Safari+6.1"
"Firefox 29.0",12,0.1,,,"","http://clicky.com/stats/visitors?site_id=100754003&date=2014-11-12,2015-02-09&browser=Firefox+29.0"
"Opera 27.0",11,0.1,,,"","http://clicky.com/stats/visitors?site_id=100754003&date=2014-11-12,2015-02-09&browser=Opera+27.0"
"Google Chrome 32.0",11,0.1,,,"","http://clicky.com/stats/visitors?site_id=100754003&date=2014-11-12,2015-02-09&browser=Google+Chrome+32.0"
"Firefox 25.0",11,0.1,,,"","http://clicky.com/stats/visitors?site_id=100754003&date=2014-11-12,2015-02-09&browser=Firefox+25.0"
"Google Chrome 18.0 mobile",10,0.1,,,"","http://clicky.com/stats/visitors?site_id=100754003&date=2014-11-12,2015-02-09&browser=Google+Chrome+18.0+mobile"
"Google Chrome 42.0",10,0.1,,,"","http://clicky.com/stats/visitors?site_id=100754003&date=2014-11-12,2015-02-09&browser=Google+Chrome+42.0"
"Safari 5.1",10,0.1,,,"","http://clicky.com/stats/visitors?site_id=100754003&date=2014-11-12,2015-02-09&browser=Safari+5.1"
"Firefox 37.0",8,0.1,,,"","http://clicky.com/stats/visitors?site_id=100754003&date=2014-11-12,2015-02-09&browser=Firefox+37.0"
"Google Chrome 34.0 mobile",8,0.1,,,"","http://clicky.com/stats/visitors?site_id=100754003&date=2014-11-12,2015-02-09&browser=Google+Chrome+34.0+mobile"
"Firefox 26.0",7,0.1,,,"","http://clicky.com/stats/visitors?site_id=100754003&date=2014-11-12,2015-02-09&browser=Firefox+26.0"
"Google Chrome 27.0",7,0.1,,,"","http://clicky.com/stats/visitors?site_id=100754003&date=2014-11-12,2015-02-09&browser=Google+Chrome+27.0"
"Google Chrome 28.0",7,0.1,,,"","http://clicky.com/stats/visitors?site_id=100754003&date=2014-11-12,2015-02-09&browser=Google+Chrome+28.0"
"Google Chrome 29.0",7,0.1,,,"","http://clicky.com/stats/visitors?site_id=100754003&date=2014-11-12,2015-02-09&browser=Google+Chrome+29.0"
"Safari 6.0",6,0,,,"","http://clicky.com/stats/visitors?site_id=100754003&date=2014-11-12,2015-02-09&browser=Safari+6.0"
"Firefox 38.0",6,0,,,"","http://clicky.com/stats/visitors?site_id=100754003&date=2014-11-12,2015-02-09&browser=Firefox+38.0"
"Google Chrome 26.0",5,0,,,"","http://clicky.com/stats/visitors?site_id=100754003&date=2014-11-12,2015-02-09&browser=Google+Chrome+26.0"
"Safari 6.2",5,0,,,"","http://clicky.com/stats/visitors?site_id=100754003&date=2014-11-12,2015-02-09&browser=Safari+6.2"
"Firefox 24.9",5,0,,,"","http://clicky.com/stats/visitors?site_id=100754003&date=2014-11-12,2015-02-09&browser=Firefox+24.9"
"Safari 4.2 mobile",5,0,,,"","http://clicky.com/stats/visitors?site_id=100754003&date=2014-11-12,2015-02-09&browser=Safari+4.2+mobile"
"Google Chrome 30.0",5,0,,,"","http://clicky.com/stats/visitors?site_id=100754003&date=2014-11-12,2015-02-09&browser=Google+Chrome+30.0"
"Firefox 17.0",5,0,,,"","http://clicky.com/stats/visitors?site_id=100754003&date=2014-11-12,2015-02-09&browser=Firefox+17.0"
"Firefox 20.0",5,0,,,"","http://clicky.com/stats/visitors?site_id=100754003&date=2014-11-12,2015-02-09&browser=Firefox+20.0"
"Google Chrome 19.0",5,0,,,"","http://clicky.com/stats/visitors?site_id=100754003&date=2014-11-12,2015-02-09&browser=Google+Chrome+19.0"
"Google Chrome 36.0 mobile",5,0,,,"","http://clicky.com/stats/visitors?site_id=100754003&date=2014-11-12,2015-02-09&browser=Google+Chrome+36.0+mobile"
"Google Chrome 22.0",4,0,,,"","http://clicky.com/stats/visitors?site_id=100754003&date=2014-11-12,2015-02-09&browser=Google+Chrome+22.0"
"Safari 5.0",4,0,,,"","http://clicky.com/stats/visitors?site_id=100754003&date=2014-11-12,2015-02-09&browser=Safari+5.0"
"Mozilla 34.0",4,0,,,"","http://clicky.com/stats/visitors?site_id=100754003&date=2014-11-12,2015-02-09&browser=Mozilla+34.0"
"Mozilla 24.0",4,0,,,"","http://clicky.com/stats/visitors?site_id=100754003&date=2014-11-12,2015-02-09&browser=Mozilla+24.0"
"Firefox 21.0",4,0,,,"","http://clicky.com/stats/visitors?site_id=100754003&date=2014-11-12,2015-02-09&browser=Firefox+21.0"
"Safari 10.2 mobile",4,0,,,"","http://clicky.com/stats/visitors?site_id=100754003&date=2014-11-12,2015-02-09&browser=Safari+10.2+mobile"
"Google Chrome 25.0 mobile",3,0,,,"","http://clicky.com/stats/visitors?site_id=100754003&date=2014-11-12,2015-02-09&browser=Google+Chrome+25.0+mobile"
"Firefox 32.0 mobile",3,0,,,"","http://clicky.com/stats/visitors?site_id=100754003&date=2014-11-12,2015-02-09&browser=Firefox+32.0+mobile"
"Google Chrome 16.0",3,0,,,"","http://clicky.com/stats/visitors?site_id=100754003&date=2014-11-12,2015-02-09&browser=Google+Chrome+16.0"
"Firefox 29.0 mobile",3,0,,,"","http://clicky.com/stats/visitors?site_id=100754003&date=2014-11-12,2015-02-09&browser=Firefox+29.0+mobile"
"Firefox 23.0",3,0,,,"","http://clicky.com/stats/visitors?site_id=100754003&date=2014-11-12,2015-02-09&browser=Firefox+23.0"
"Firefox 31.9",2,0,,,"","http://clicky.com/stats/visitors?site_id=100754003&date=2014-11-12,2015-02-09&browser=Firefox+31.9"
"Firefox 12.0",2,0,,,"","http://clicky.com/stats/visitors?site_id=100754003&date=2014-11-12,2015-02-09&browser=Firefox+12.0"
"Firefox 18.0",2,0,,,"","http://clicky.com/stats/visitors?site_id=100754003&date=2014-11-12,2015-02-09&browser=Firefox+18.0"
"Google Chrome 23.0",2,0,,,"","http://clicky.com/stats/visitors?site_id=100754003&date=2014-11-12,2015-02-09&browser=Google+Chrome+23.0"
"Firefox 22.0",2,0,,,"","http://clicky.com/stats/visitors?site_id=100754003&date=2014-11-12,2015-02-09&browser=Firefox+22.0"
"Firefox 16.0",2,0,,,"","http://clicky.com/stats/visitors?site_id=100754003&date=2014-11-12,2015-02-09&browser=Firefox+16.0"
"Google Chrome 13.0",2,0,,,"","http://clicky.com/stats/visitors?site_id=100754003&date=2014-11-12,2015-02-09&browser=Google+Chrome+13.0"
"Safari 4.1 mobile",2,0,,,"","http://clicky.com/stats/visitors?site_id=100754003&date=2014-11-12,2015-02-09&browser=Safari+4.1+mobile"
"Opera 25.0 mobile",2,0,,,"","http://clicky.com/stats/visitors?site_id=100754003&date=2014-11-12,2015-02-09&browser=Opera+25.0+mobile"
"Firefox 27.0",2,0,,,"","http://clicky.com/stats/visitors?site_id=100754003&date=2014-11-12,2015-02-09&browser=Firefox+27.0"
"Google Chrome 11.0",2,0,,,"","http://clicky.com/stats/visitors?site_id=100754003&date=2014-11-12,2015-02-09&browser=Google+Chrome+11.0"
"Internet Explorer 9.0 mobile",1,0,,,"","http://clicky.com/stats/visitors?site_id=100754003&date=2014-11-12,2015-02-09&browser=Internet+Explorer+9.0+mobile"
"Blackberry",1,0,,,"","http://clicky.com/stats/visitors?site_id=100754003&date=2014-11-12,2015-02-09&browser=Blackberry"
"Google Chrome 20.0",1,0,,,"","http://clicky.com/stats/visitors?site_id=100754003&date=2014-11-12,2015-02-09&browser=Google+Chrome+20.0"
"Google Chrome 32.0 mobile",1,0,,,"","http://clicky.com/stats/visitors?site_id=100754003&date=2014-11-12,2015-02-09&browser=Google+Chrome+32.0+mobile"
"Opera 11.6",1,0,,,"","http://clicky.com/stats/visitors?site_id=100754003&date=2014-11-12,2015-02-09&browser=Opera+11.6"
"Safari 4.1",1,0,,,"","http://clicky.com/stats/visitors?site_id=100754003&date=2014-11-12,2015-02-09&browser=Safari+4.1"
"Google Chrome 25.0",1,0,,,"","http://clicky.com/stats/visitors?site_id=100754003&date=2014-11-12,2015-02-09&browser=Google+Chrome+25.0"
"Firefox 15.0",1,0,,,"","http://clicky.com/stats/visitors?site_id=100754003&date=2014-11-12,2015-02-09&browser=Firefox+15.0"
"Firefox 31.0 mobile",1,0,,,"","http://clicky.com/stats/visitors?site_id=100754003&date=2014-11-12,2015-02-09&browser=Firefox+31.0+mobile"
"Opera 26.0 mobile",1,0,,,"","http://clicky.com/stats/visitors?site_id=100754003&date=2014-11-12,2015-02-09&browser=Opera+26.0+mobile"
"Firefox 18.1 mobile",1,0,,,"","http://clicky.com/stats/visitors?site_id=100754003&date=2014-11-12,2015-02-09&browser=Firefox+18.1+mobile"
"Firefox 23.0 mobile",1,0,,,"","http://clicky.com/stats/visitors?site_id=100754003&date=2014-11-12,2015-02-09&browser=Firefox+23.0+mobile"
"Firefox 6.0",1,0,,,"","http://clicky.com/stats/visitors?site_id=100754003&date=2014-11-12,2015-02-09&browser=Firefox+6.0"
"Google Chrome 26.0 mobile",1,0,,,"","http://clicky.com/stats/visitors?site_id=100754003&date=2014-11-12,2015-02-09&browser=Google+Chrome+26.0+mobile"
"Google Chrome 29.0 mobile",1,0,,,"","http://clicky.com/stats/visitors?site_id=100754003&date=2014-11-12,2015-02-09&browser=Google+Chrome+29.0+mobile"
"Opera 12.0",1,0,,,"","http://clicky.com/stats/visitors?site_id=100754003&date=2014-11-12,2015-02-09&browser=Opera+12.0"
"Opera 10.1",1,0,,,"","http://clicky.com/stats/visitors?site_id=100754003&date=2014-11-12,2015-02-09&browser=Opera+10.1"
"Google Chrome 24.0",1,0,,,"","http://clicky.com/stats/visitors?site_id=100754003&date=2014-11-12,2015-02-09&browser=Google+Chrome+24.0"
"Firefox 10.0",1,0,,,"","http://clicky.com/stats/visitors?site_id=100754003&date=2014-11-12,2015-02-09&browser=Firefox+10.0"
"Safari 4.0",1,0,,,"","http://clicky.com/stats/visitors?site_id=100754003&date=2014-11-12,2015-02-09&browser=Safari+4.0"
"Google Chrome 6.0",1,0,,,"","http://clicky.com/stats/visitors?site_id=100754003&date=2014-11-12,2015-02-09&browser=Google+Chrome+6.0"
"Mozilla 31.0",1,0,,,"","http://clicky.com/stats/visitors?site_id=100754003&date=2014-11-12,2015-02-09&browser=Mozilla+31.0"
"Firefox 7.0",1,0,,,"","http://clicky.com/stats/visitors?site_id=100754003&date=2014-11-12,2015-02-09&browser=Firefox+7.0"
"Google Chrome 35.0 mobile",1,0,,,"","http://clicky.com/stats/visitors?site_id=100754003&date=2014-11-12,2015-02-09&browser=Google+Chrome+35.0+mobile"
"Opera 18.0",1,0,,,"","http://clicky.com/stats/visitors?site_id=100754003&date=2014-11-12,2015-02-09&browser=Opera+18.0"
"Google Chrome 21.0 mobile",1,0,,,"","http://clicky.com/stats/visitors?site_id=100754003&date=2014-11-12,2015-02-09&browser=Google+Chrome+21.0+mobile"
"Firefox 11.0",1,0,,,"","http://clicky.com/stats/visitors?site_id=100754003&date=2014-11-12,2015-02-09&browser=Firefox+11.0"
"Mozilla 25.0",1,0,,,"","http://clicky.com/stats/visitors?site_id=100754003&date=2014-11-12,2015-02-09&browser=Mozilla+25.0"
"Firefox 3.6",1,0,,,"","http://clicky.com/stats/visitors?site_id=100754003&date=2014-11-12,2015-02-09&browser=Firefox+3.6"
"Internet Explorer 5.5",1,0,,,"","http://clicky.com/stats/visitors?site_id=100754003&date=2014-11-12,2015-02-09&browser=Internet+Explorer+5.5"

